,CASUALTIES
26128,0.0
80098,0.0
68237,0.0
41501,0.0
68180,0.0
16381,0.0
155172,0.0
148101,0.0
87229,0.0
24523,0.0
77898,0.0
81248,0.0
118039,0.0
110000,0.0
19086,0.0
157649,0.0
78378,0.0
121477,0.0
36241,0.0
55421,0.0
93815,0.0
35644,0.0
117802,0.0
153617,0.0
30749,0.0
9117,0.0
21728,0.0
23426,0.0
107487,0.0
116581,0.0
87211,0.0
128152,0.0
137715,0.0
115000,0.0
16086,0.0
25485,0.0
149227,0.0
7321,0.0
157604,0.0
78532,0.0
80011,0.0
139988,0.0
117714,0.0
72791,0.0
37046,0.0
65820,0.0
70842,0.0
77188,0.0
54431,0.0
35370,0.0
81874,0.0
114282,0.0
124071,0.0
121349,0.0
79076,0.0
95384,0.0
134064,0.0
120206,0.0
79847,0.0
40563,0.0
25598,0.0
108794,0.0
146186,0.0
138475,0.0
23645,0.0
37017,0.0
25198,0.0
113104,0.0
45701,0.0
104870,0.0
91059,0.0
23708,0.0
86457,0.0
21045,0.0
56617,0.0
115022,0.0
7681,0.0
116903,0.0
49561,0.0
138105,0.0
23269,0.0
5493,0.0
40336,0.0
125867,0.0
40166,0.0
100134,0.0
24169,0.0
82769,0.0
8526,0.0
108912,0.0
114644,0.0
79165,0.0
129849,0.0
17519,0.0
38286,0.0
135974,0.0
88036,0.0
149264,0.0
14875,0.0
69735,0.0
65800,0.0
109719,0.0
98343,0.0
122347,0.0
106157,0.0
39964,0.0
2211,0.0
81742,0.0
53453,0.0
126106,0.0
15569,0.0
8322,0.0
150760,0.0
126878,0.0
101181,0.0
61033,0.0
95891,0.0
17755,0.0
97721,0.0
43286,0.0
115294,0.0
105117,0.0
38885,0.0
127958,0.0
33732,0.0
49745,0.0
124434,0.0
51926,0.0
112206,0.0
51811,0.0
69544,0.0
20154,0.0
127962,0.0
38431,0.0
54613,0.0
154832,0.0
154267,0.0
57603,0.0
122243,0.0
67738,0.0
6675,0.0
61939,0.0
130211,0.0
10114,0.0
52430,0.0
134660,0.0
83312,0.0
83863,0.0
48973,0.0
54670,0.0
72424,0.0
6441,0.0
159997,0.0
12792,0.0
70065,0.0
94834,0.0
126876,0.0
157336,0.0
66743,0.0
139448,0.0
120411,0.0
141315,0.0
137454,0.0
50248,0.0
153791,0.0
52533,0.0
96446,0.0
23880,0.0
57366,0.0
104429,0.0
38986,0.0
11247,0.0
65552,0.0
89652,0.0
42418,0.0
32365,0.0
113228,0.0
114718,0.0
126583,0.0
74072,0.0
4760,0.0
159099,0.0
121975,0.0
47850,0.0
114113,0.0
43298,0.0
64213,0.0
72365,0.0
43643,0.0
67865,0.0
60571,0.0
65111,0.0
10986,0.0
103242,0.0
89741,0.0
60176,0.0
93235,0.0
124975,0.0
30854,0.0
44150,0.0
151332,0.0
3570,0.0
7461,0.0
7222,0.0
76681,0.0
42683,0.0
85015,0.0
146332,0.0
16466,0.0
150461,0.0
48576,0.0
18215,0.0
103699,0.0
94490,0.0
118595,0.0
153228,0.0
74119,0.0
1536,0.0
35893,0.0
97845,0.0
100342,0.0
28630,0.0
98318,0.0
152256,0.0
41896,0.0
79228,0.0
150004,0.0
141328,0.0
150740,0.0
72514,0.0
27096,0.0
109678,0.0
23840,0.0
90905,0.0
101031,0.0
100972,0.0
88474,0.0
24694,0.0
68128,0.0
133104,0.0
15923,0.0
114800,0.0
104049,0.0
36358,0.0
74011,0.0
81232,0.0
108344,0.0
60694,0.0
153068,0.0
75645,0.0
79088,0.0
88570,0.0
2247,0.0
9629,0.0
142305,0.0
81226,0.0
28941,0.0
121924,0.0
54537,0.0
133246,0.0
107602,0.0
37144,0.0
147156,0.0
76370,0.0
39548,0.0
24263,0.0
123277,0.0
9906,0.0
99996,0.0
3443,0.0
53475,0.0
9605,0.0
30909,0.0
31797,0.0
75161,0.0
16157,0.0
102445,0.0
35631,0.0
68902,0.0
143375,0.0
61659,0.0
39448,0.0
113175,0.0
133714,0.0
69445,0.0
28237,0.0
70343,0.0
85682,0.0
99317,0.0
131539,0.0
137793,0.0
15896,0.0
140309,0.0
6425,0.0
146815,0.0
103815,0.0
82290,0.0
32630,0.0
6096,0.0
43031,0.0
22686,0.0
126581,0.0
18883,0.0
58710,0.0
21129,0.0
66157,0.0
83493,0.0
91291,0.0
78618,0.0
48729,0.0
6725,0.0
26595,0.0
15058,0.0
94370,0.0
54614,0.0
159828,0.0
67920,0.0
91084,0.0
120685,0.0
96127,0.0
66036,0.0
20920,0.0
144666,0.0
80282,0.0
132203,0.0
39927,0.0
107875,0.0
48187,0.0
60722,0.0
48908,0.0
54577,0.0
12914,0.0
22659,0.0
156123,0.0
158428,0.0
85073,0.0
140924,0.0
141543,0.0
104259,0.0
16053,0.0
12941,0.0
89265,0.0
71328,0.0
83461,0.0
151572,0.0
158994,0.0
91860,0.0
34014,0.0
64226,0.0
24082,0.0
36749,0.0
41289,0.0
142591,0.0
38041,0.0
38952,0.0
1909,0.0
60527,0.0
131991,0.0
142227,0.0
49411,0.0
112416,0.0
18430,0.0
85191,0.0
40932,0.0
86022,0.0
6313,0.0
70089,0.0
97467,0.0
125515,0.0
102620,0.0
130377,0.0
70550,0.0
35383,0.0
103766,0.0
23920,0.0
110938,0.0
112807,0.0
81995,0.0
111533,0.0
65170,0.0
30262,0.0
143153,0.0
80305,0.0
1900,0.0
33714,0.0
66046,0.0
99200,0.0
323,0.0
5586,0.0
158222,0.0
146864,0.0
26928,0.0
144659,0.0
62475,0.0
88807,0.0
126201,0.0
154926,0.0
6087,0.0
155185,0.0
90103,0.0
36259,0.0
50481,0.0
66711,0.0
57523,0.0
122317,0.0
6991,0.0
130548,0.0
65433,0.0
104898,0.0
116007,0.0
125611,0.0
78777,0.0
136983,0.0
146593,0.0
86383,0.0
144836,0.0
86163,0.0
127060,0.0
23814,0.0
48603,0.0
27244,0.0
65197,0.0
119015,0.0
115969,0.0
45947,0.0
157771,0.0
116807,0.0
101312,0.0
30584,0.0
40572,0.0
41453,0.0
18098,0.0
89622,0.0
24359,0.0
51601,0.0
90738,0.0
64044,0.0
1421,0.0
141018,0.0
109715,0.0
51181,0.0
28979,0.0
2645,0.0
123314,0.0
116272,0.0
156706,0.0
67658,0.0
45887,0.0
33691,0.0
133062,0.0
160006,0.0
117578,0.0
128342,0.0
39976,0.0
30408,0.0
41561,0.0
114348,0.0
87356,0.0
59751,0.0
140102,0.0
63936,0.0
28064,0.0
120575,0.0
54694,0.0
129202,0.0
8546,0.0
100000,0.0
109818,0.0
150350,0.0
108166,0.0
11055,0.0
77907,0.0
141535,0.0
79111,0.0
80327,0.0
43332,0.0
12029,0.0
67635,0.0
8645,0.0
114315,0.0
101730,0.0
32548,0.0
142945,0.0
117711,0.0
5486,0.0
142442,0.0
52236,0.0
101499,0.0
99719,0.0
110126,0.0
55003,0.0
14363,0.0
106367,0.0
84470,0.0
46733,0.0
5239,0.0
23470,0.0
155114,0.0
158794,0.0
44038,0.0
86872,0.0
47251,0.0
135191,0.0
45146,0.0
156731,0.0
94142,0.0
146321,0.0
83199,0.0
145042,0.0
119715,0.0
91695,0.0
158066,0.0
148918,0.0
33317,0.0
148745,0.0
70043,0.0
84908,0.0
85237,0.0
58215,0.0
36934,0.0
109337,0.0
24615,0.0
123247,0.0
62954,0.0
26597,0.0
50289,0.0
40739,0.0
80562,0.0
136304,0.0
89686,0.0
10231,0.0
67880,0.0
822,0.0
140400,0.0
7855,0.0
5171,0.0
78466,0.0
106652,0.0
54099,0.0
61274,0.0
122808,0.0
102916,0.0
67833,0.0
74233,0.0
96487,0.0
116682,0.0
40943,0.0
70856,0.0
35202,0.0
127337,0.0
15255,0.0
147559,0.0
132092,0.0
59100,0.0
65585,0.0
101705,0.0
88255,0.0
146528,0.0
68356,0.0
155037,0.0
153212,0.0
39974,0.0
34899,0.0
83203,0.0
47482,0.0
22142,0.0
122027,0.0
44491,0.0
128337,0.0
27896,0.0
74477,0.0
82282,0.0
16221,0.0
101441,0.0
53170,0.0
97485,0.0
105923,0.0
41863,0.0
114687,0.0
109169,0.0
79263,0.0
14452,0.0
29361,0.0
128548,0.0
160134,0.0
11883,0.0
59576,0.0
96658,0.0
23924,0.0
142287,0.0
34226,0.0
120829,0.0
72447,0.0
79471,0.0
37612,0.0
68804,0.0
147997,0.0
55203,0.0
52465,0.0
6938,0.0
82091,0.0
8463,0.0
29270,0.0
154493,0.0
38845,0.0
6303,0.0
108684,0.0
912,0.0
69728,0.0
90259,0.0
3617,0.0
133805,0.0
8634,0.0
118611,0.0
50780,0.0
143193,0.0
10932,0.0
65578,0.0
106046,0.0
151604,0.0
159700,0.0
11582,0.0
141100,0.0
151293,0.0
76650,0.0
159573,0.0
42541,0.0
101544,0.0
13222,0.0
129239,0.0
12259,0.0
155547,0.0
15749,0.0
43654,0.0
95826,0.0
75178,0.0
116480,0.0
28963,0.0
112953,0.0
29698,0.0
74027,0.0
67584,0.0
153872,0.0
52512,0.0
27891,0.0
90923,0.0
74650,0.0
112606,0.0
73162,0.0
1430,0.0
14467,0.0
65697,0.0
45005,0.0
131941,0.0
110793,0.0
88668,0.0
129797,0.0
103853,0.0
94157,0.0
84255,0.0
39941,0.0
134722,0.0
138983,0.0
11052,0.0
95581,0.0
140195,0.0
99534,0.0
80458,0.0
131039,0.0
9251,0.0
139973,0.0
144385,0.0
77504,0.0
75714,0.0
65618,0.0
88455,0.0
2867,0.0
4594,0.0
114163,0.0
47925,0.0
122424,0.0
106683,0.0
94894,0.0
104596,0.0
110320,0.0
58138,0.0
116472,0.0
44947,0.0
91693,0.0
95978,0.0
42510,0.0
146112,0.0
158190,0.0
66912,0.0
49438,0.0
124590,0.0
151818,0.0
62115,0.0
119284,0.0
130886,0.0
110717,0.0
84547,0.0
50647,0.0
152232,0.0
34927,0.0
54549,0.0
58505,0.0
117150,0.0
104975,0.0
22047,0.0
44741,0.0
88508,0.0
84715,0.0
67312,0.0
42700,0.0
8896,0.0
110711,0.0
71635,0.0
148110,0.0
23852,0.0
35378,0.0
87456,0.0
36672,0.0
137037,0.0
107995,0.0
49326,0.0
45705,0.0
147572,0.0
61037,0.0
25686,0.0
127796,0.0
75461,0.0
4386,0.0
51616,0.0
131068,0.0
154246,0.0
129534,0.0
23713,0.0
11241,0.0
5056,0.0
20967,0.0
59737,0.0
153141,0.0
68426,0.0
16372,0.0
71627,0.0
35777,0.0
13446,0.0
146651,0.0
103123,0.0
64876,0.0
107805,0.0
111479,0.0
102309,0.0
108094,0.0
11280,0.0
100849,0.0
49021,0.0
153059,0.0
100941,0.0
62099,0.0
12168,0.0
40625,0.0
148681,0.0
143717,0.0
159595,0.0
37294,0.0
149195,0.0
13640,0.0
6446,0.0
157285,0.0
76188,0.0
57824,0.0
31847,0.0
74779,0.0
91007,0.0
141686,0.0
47902,0.0
55297,0.0
1253,0.0
96190,0.0
154733,0.0
36646,0.0
75009,0.0
97675,0.0
80069,0.0
6489,0.0
129136,0.0
123739,0.0
132222,0.0
35111,0.0
95805,0.0
63285,0.0
66032,0.0
104784,0.0
80246,0.0
137869,0.0
87452,0.0
33785,0.0
110801,0.0
7683,0.0
19426,0.0
49886,0.0
44135,0.0
33393,0.0
122229,0.0
56433,0.0
38236,0.0
50210,0.0
78646,0.0
115721,0.0
157699,0.0
19118,0.0
104111,0.0
93104,0.0
155136,0.0
82366,0.0
65649,0.0
131910,0.0
147873,0.0
51067,0.0
148309,0.0
128616,0.0
146242,0.0
99062,0.0
72382,0.0
20078,0.0
54992,0.0
26986,0.0
84955,0.0
37455,0.0
969,0.0
39280,0.0
5818,0.0
11270,0.0
35659,0.0
7139,0.0
31290,0.0
106319,0.0
33480,0.0
65559,0.0
108201,0.0
143716,0.0
44652,0.0
12114,0.0
34395,0.0
126134,0.0
29708,0.0
2735,0.0
153222,0.0
87686,0.0
17386,0.0
37317,0.0
26174,0.0
136306,0.0
82788,0.0
135975,0.0
89157,0.0
2189,0.0
72738,0.0
109245,0.0
68723,0.0
6071,0.0
58249,0.0
126781,0.0
125557,0.0
160046,0.0
147461,0.0
6591,0.0
61048,0.0
148495,0.0
60086,0.0
132304,0.0
109640,0.0
152390,0.0
52171,0.0
21320,0.0
57861,0.0
117743,0.0
41649,0.0
112582,0.0
102572,0.0
77840,0.0
5244,0.0
9831,0.0
77957,0.0
61576,0.0
113818,0.0
4313,0.0
156319,0.0
24536,0.0
95598,0.0
141188,0.0
29017,0.0
154968,0.0
11338,0.0
153747,0.0
19841,0.0
96285,0.0
11281,0.0
100050,0.0
98968,0.0
100482,0.0
137781,0.0
22890,0.0
152362,0.0
104999,0.0
78739,0.0
69450,0.0
16109,0.0
39727,0.0
37076,0.0
121621,0.0
108071,0.0
63376,0.0
38194,0.0
78092,0.0
145048,0.0
92109,0.0
28558,0.0
159683,0.0
122156,0.0
102598,0.0
137905,0.0
101351,0.0
33351,0.0
143836,0.0
58175,0.0
13582,0.0
158992,0.0
131349,0.0
87251,0.0
55423,0.0
86255,0.0
99450,0.0
41273,0.0
81506,0.0
137007,0.0
30410,0.0
122149,0.0
136075,0.0
123558,0.0
54207,0.0
77175,0.0
75337,0.0
68036,0.0
65080,0.0
4603,0.0
77896,0.0
107430,0.0
68465,0.0
45023,0.0
60048,0.0
109827,0.0
136963,0.0
80895,0.0
21858,0.0
85314,0.0
106013,0.0
54283,0.0
85981,0.0
72842,0.0
40309,0.0
138150,0.0
23281,0.0
68845,0.0
53119,0.0
72400,0.0
100354,0.0
72225,0.0
12665,0.0
127141,0.0
9663,0.0
44161,0.0
124972,0.0
17434,0.0
113502,0.0
35770,0.0
72494,0.0
6891,0.0
61419,0.0
115274,0.0
20690,0.0
80911,0.0
12663,0.0
48924,0.0
137444,0.0
99280,0.0
36374,0.0
140618,0.0
148712,0.0
65603,0.0
85289,0.0
133275,0.0
79090,0.0
138628,0.0
57107,0.0
87943,0.0
142829,0.0
38387,0.0
35531,0.0
113099,0.0
19113,0.0
68984,0.0
62877,0.0
18278,0.0
128650,0.0
98921,0.0
42253,0.0
24068,0.0
24866,0.0
108434,0.0
127789,0.0
27574,0.0
120393,0.0
98554,0.0
68477,0.0
148331,0.0
32525,0.0
135233,0.0
143020,0.0
81134,0.0
120686,0.0
74218,0.0
93417,0.0
76340,0.0
129997,0.0
7886,0.0
107223,0.0
70839,0.0
70969,0.0
20728,0.0
56403,0.0
92961,0.0
1729,0.0
70166,0.0
74039,0.0
11010,0.0
12400,0.0
123399,0.0
53314,0.0
150464,0.0
118699,0.0
128807,0.0
106752,0.0
107286,0.0
20761,0.0
59892,0.0
66979,0.0
131554,0.0
81194,0.0
65740,0.0
140318,0.0
10699,0.0
80214,0.0
6826,0.0
4864,0.0
116796,0.0
48080,0.0
107403,0.0
146807,0.0
118645,0.0
65623,0.0
121346,0.0
142982,0.0
150881,0.0
83021,0.0
91478,0.0
68106,0.0
85345,0.0
111567,0.0
80382,0.0
13503,0.0
98468,0.0
8074,0.0
148658,0.0
118673,0.0
32275,0.0
122091,0.0
75308,0.0
133522,0.0
111580,0.0
59149,0.0
60549,0.0
99509,0.0
112316,0.0
20502,0.0
152669,0.0
154577,0.0
119700,0.0
34852,0.0
22953,0.0
98724,0.0
155744,0.0
156936,0.0
37644,0.0
78319,0.0
79903,0.0
125595,0.0
83111,0.0
95968,0.0
58936,0.0
41027,0.0
153448,0.0
117289,0.0
45239,0.0
100224,0.0
118248,0.0
92700,0.0
103770,0.0
107250,0.0
126788,0.0
19743,0.0
13547,0.0
60807,0.0
146414,0.0
105873,0.0
110690,0.0
38753,0.0
79825,0.0
38940,0.0
154976,0.0
119833,0.0
4550,0.0
129619,0.0
143703,0.0
112103,0.0
111822,0.0
95205,0.0
64270,0.0
152222,0.0
115789,0.0
63483,0.0
78033,0.0
125416,0.0
53315,0.0
114477,0.0
112131,0.0
105749,0.0
33994,0.0
32120,0.0
89629,0.0
62492,0.0
65324,0.0
31066,0.0
138169,0.0
57531,0.0
26982,0.0
114642,0.0
114442,0.0
54100,0.0
74322,0.0
119003,0.0
13087,0.0
70005,0.0
14853,0.0
132795,0.0
142688,0.0
150540,0.0
100695,0.0
85267,0.0
157383,0.0
86832,0.0
135882,0.0
111789,0.0
31807,0.0
65992,0.0
126077,0.0
14358,0.0
115996,0.0
55246,0.0
115987,0.0
29897,0.0
111942,0.0
78251,0.0
151840,0.0
131787,0.0
113193,0.0
62514,0.0
118378,0.0
99962,0.0
45863,0.0
127343,0.0
15093,0.0
60031,0.0
5055,0.0
98479,0.0
49641,0.0
20003,0.0
119122,0.0
113394,0.0
28606,0.0
156373,0.0
93958,0.0
7402,0.0
112513,0.0
142008,0.0
31166,0.0
108027,0.0
159345,0.0
11986,0.0
142948,0.0
10171,0.0
125271,0.0
154762,0.0
77515,0.0
14845,0.0
134659,0.0
95622,0.0
85998,0.0
5250,0.0
116373,0.0
104496,0.0
117647,0.0
65913,0.0
8250,0.0
52362,0.0
120028,0.0
82711,0.0
3968,0.0
63498,0.0
113661,0.0
12664,0.0
128569,0.0
87297,0.0
36604,0.0
150561,0.0
159019,0.0
38253,0.0
149403,0.0
63988,0.0
102840,0.0
123354,0.0
130176,0.0
116169,0.0
66874,0.0
6173,0.0
119911,0.0
31412,0.0
126271,0.0
61949,0.0
21577,0.0
70452,0.0
64910,0.0
122122,0.0
118812,0.0
26553,0.0
58103,0.0
118955,0.0
119530,0.0
75653,0.0
128721,0.0
128642,0.0
104302,0.0
80483,0.0
62844,0.0
131578,0.0
1280,0.0
155618,0.0
29209,0.0
58751,0.0
112336,0.0
83443,0.0
102788,0.0
20061,0.0
101697,0.0
58960,0.0
84992,0.0
46703,0.0
58720,0.0
16962,0.0
60848,0.0
109013,0.0
22257,0.0
145747,0.0
126382,0.0
93380,0.0
98916,0.0
22796,0.0
14817,0.0
60896,0.0
83166,0.0
66214,0.0
70198,0.0
28465,0.0
95005,0.0
152282,0.0
155057,0.0
130618,0.0
158889,0.0
64152,0.0
144898,0.0
140365,0.0
15456,0.0
57762,0.0
12032,0.0
8771,0.0
30063,0.0
40438,0.0
109929,0.0
147807,0.0
156155,0.0
146572,0.0
99660,0.0
117811,0.0
104692,0.0
69409,0.0
39800,0.0
131542,0.0
70692,0.0
107858,0.0
78065,0.0
27811,0.0
67884,0.0
59952,0.0
93318,0.0
75615,0.0
31279,0.0
98305,0.0
80528,0.0
159803,0.0
39089,0.0
79082,0.0
239,0.0
142043,0.0
56075,0.0
22,0.0
24914,0.0
115847,0.0
133864,0.0
53874,0.0
52595,0.0
118947,0.0
95535,0.0
156528,0.0
63584,0.0
106219,0.0
5383,0.0
63543,0.0
116585,0.0
151967,0.0
46273,0.0
30755,0.0
74953,0.0
53466,0.0
26431,0.0
145325,0.0
129458,0.0
17608,0.0
60399,0.0
141837,0.0
99986,0.0
119922,0.0
127049,0.0
133642,0.0
121285,0.0
44278,0.0
146977,0.0
157974,0.0
136405,0.0
17687,0.0
46140,0.0
119317,0.0
147825,0.0
23878,0.0
82456,0.0
128092,0.0
102950,0.0
153698,0.0
45792,0.0
106140,0.0
48657,0.0
13189,0.0
4201,0.0
146975,0.0
141713,0.0
51890,0.0
109782,0.0
87679,0.0
46013,0.0
62205,0.0
121188,0.0
136529,0.0
100604,0.0
150379,0.0
73761,0.0
105237,0.0
63570,0.0
96764,0.0
17546,0.0
104068,0.0
92827,0.0
86064,0.0
66673,0.0
50527,0.0
24225,0.0
8761,0.0
82365,0.0
98151,0.0
117243,0.0
68720,0.0
133648,0.0
36400,0.0
101733,0.0
102979,0.0
121475,0.0
9642,0.0
55172,0.0
119177,0.0
15501,0.0
146590,0.0
105183,0.0
112976,0.0
8699,0.0
124046,0.0
40646,0.0
124861,0.0
15677,0.0
7106,0.0
156268,0.0
57736,0.0
19182,0.0
134491,0.0
37241,0.0
28461,0.0
127827,0.0
27791,0.0
5252,0.0
67455,0.0
29703,0.0
39250,0.0
145628,0.0
33752,0.0
150512,0.0
75665,0.0
83580,0.0
30399,0.0
58071,0.0
20668,0.0
10032,0.0
49509,0.0
42369,0.0
84179,0.0
29005,0.0
101991,0.0
33209,0.0
109378,0.0
72675,0.0
149486,0.0
28542,0.0
62566,0.0
139941,0.0
151484,0.0
149487,0.0
143040,0.0
82838,0.0
147412,0.0
135075,0.0
88438,0.0
43480,0.0
129603,0.0
152845,0.0
73791,0.0
156741,0.0
27542,0.0
80664,0.0
95007,0.0
17359,0.0
57578,0.0
29903,0.0
67061,0.0
143082,0.0
148824,0.0
111341,0.0
79930,0.0
102919,0.0
11181,0.0
150399,0.0
112065,0.0
103817,0.0
90573,0.0
75833,0.0
121956,0.0
803,0.0
145950,0.0
107426,0.0
118068,0.0
129872,0.0
16094,0.0
82994,0.0
9199,0.0
111138,0.0
6736,0.0
91243,0.0
76658,0.0
4222,0.0
77557,0.0
21823,0.0
159318,0.0
157593,0.0
76299,0.0
14032,0.0
10023,0.0
127270,0.0
71546,0.0
42026,0.0
21572,0.0
155054,0.0
65927,0.0
70202,0.0
25541,0.0
102290,0.0
25050,0.0
99886,0.0
7394,0.0
151619,0.0
81964,0.0
99500,0.0
133829,0.0
150787,0.0
152342,0.0
88165,0.0
39258,0.0
128153,0.0
25011,0.0
27520,0.0
121098,0.0
64541,0.0
158103,0.0
41042,0.0
120458,0.0
19946,0.0
131738,0.0
79725,0.0
106560,0.0
78149,0.0
46143,0.0
144930,0.0
66749,0.0
5295,0.0
121841,0.0
62603,0.0
53866,0.0
100580,0.0
150050,0.0
49792,0.0
125525,0.0
50252,0.0
141086,0.0
159982,0.0
150092,0.0
82385,0.0
143839,0.0
133699,0.0
134961,0.0
19315,0.0
108644,0.0
94249,0.0
75824,0.0
123293,0.0
129119,0.0
100809,0.0
30079,0.0
84702,0.0
43611,0.0
75304,0.0
140170,0.0
122484,0.0
8656,0.0
118282,0.0
66904,0.0
157160,0.0
95609,0.0
8489,0.0
97732,0.0
155234,0.0
10346,0.0
36160,0.0
156648,0.0
29069,0.0
47343,0.0
126152,0.0
138010,0.0
99288,0.0
148767,0.0
24965,0.0
12667,0.0
98216,0.0
141620,0.0
57390,0.0
121544,0.0
148217,0.0
78129,0.0
10541,0.0
57979,0.0
49288,0.0
72592,0.0
106125,0.0
29648,0.0
73391,0.0
33378,0.0
72193,0.0
101242,0.0
70670,0.0
24421,0.0
31506,0.0
143188,0.0
9666,0.0
150954,0.0
38610,0.0
105002,0.0
68194,0.0
140508,0.0
40190,0.0
132919,0.0
90525,0.0
60524,0.0
150938,0.0
150730,0.0
116878,0.0
146991,0.0
46150,0.0
103701,0.0
101364,0.0
111599,0.0
44584,0.0
125674,0.0
48051,0.0
34535,0.0
92062,0.0
63321,0.0
156972,0.0
109722,0.0
21559,0.0
147849,0.0
154249,0.0
137523,0.0
33184,0.0
42896,0.0
128144,0.0
85571,0.0
67031,0.0
135632,0.0
140411,0.0
143186,0.0
11021,0.0
112580,0.0
64714,0.0
56473,0.0
153335,0.0
50652,0.0
67408,0.0
155410,0.0
87902,0.0
11569,0.0
98551,0.0
84722,0.0
32892,0.0
82095,0.0
85504,0.0
120229,0.0
99896,0.0
78362,0.0
95257,0.0
69364,0.0
48173,0.0
57363,0.0
85830,0.0
89164,0.0
158661,0.0
152081,0.0
15692,0.0
11050,0.0
100478,0.0
139927,0.0
102040,0.0
109209,0.0
138139,0.0
46465,0.0
130435,0.0
71907,0.0
102015,0.0
43996,0.0
119518,0.0
137569,0.0
31301,0.0
52426,0.0
118875,0.0
120122,0.0
132217,0.0
73182,0.0
78709,0.0
10235,0.0
8740,0.0
8428,0.0
92582,0.0
84787,0.0
3534,0.0
108007,0.0
71341,0.0
118630,0.0
26772,0.0
64798,0.0
5284,0.0
83366,0.0
153304,0.0
15891,0.0
80407,0.0
18418,0.0
99890,0.0
23737,0.0
141169,0.0
4598,0.0
156830,0.0
100732,0.0
125400,0.0
39340,0.0
99911,0.0
100790,0.0
126459,0.0
22550,0.0
67441,0.0
32032,0.0
43881,0.0
140692,0.0
38255,0.0
153401,0.0
63096,0.0
132766,0.0
150874,0.0
17298,0.0
145664,0.0
69339,0.0
54335,0.0
69729,0.0
148968,0.0
3151,0.0
137061,0.0
407,0.0
85536,0.0
37405,0.0
47626,0.0
153871,0.0
103933,0.0
18919,0.0
147957,0.0
35293,0.0
40864,0.0
75435,0.0
28189,0.0
117549,0.0
55971,0.0
78962,0.0
27364,0.0
50906,0.0
108788,0.0
128300,0.0
50850,0.0
74078,0.0
8385,0.0
61938,0.0
86501,0.0
132796,0.0
111949,0.0
128949,0.0
56286,0.0
127514,0.0
143864,0.0
136081,0.0
105922,0.0
93564,0.0
107654,0.0
68548,0.0
78456,0.0
100466,0.0
9224,0.0
89755,0.0
87696,0.0
85170,0.0
17427,0.0
15991,0.0
33234,0.0
49385,0.0
103016,0.0
138287,0.0
127618,0.0
19289,0.0
112088,0.0
154543,0.0
39618,0.0
15766,0.0
152888,0.0
55654,0.0
130965,0.0
91600,0.0
148340,0.0
122116,0.0
72729,0.0
61127,0.0
60641,0.0
19610,0.0
38740,0.0
2341,0.0
145611,0.0
36171,0.0
140021,0.0
82279,0.0
78781,0.0
105470,0.0
95497,0.0
35013,0.0
108325,0.0
63675,0.0
110317,0.0
6977,0.0
15574,0.0
630,0.0
28390,0.0
35701,0.0
38396,0.0
13255,0.0
116823,0.0
55740,0.0
18202,0.0
85235,0.0
97617,0.0
72039,0.0
50212,0.0
23615,0.0
73809,0.0
97673,0.0
29130,0.0
106860,0.0
127133,0.0
150962,0.0
155656,0.0
31683,0.0
11355,0.0
29139,0.0
146856,0.0
134996,0.0
71670,0.0
111446,0.0
22784,0.0
64651,0.0
23714,0.0
148134,0.0
41776,0.0
42102,0.0
143446,0.0
99181,0.0
98449,0.0
131684,0.0
155690,0.0
157233,0.0
78523,0.0
61913,0.0
136180,0.0
126958,0.0
132924,0.0
3470,0.0
117096,0.0
42490,0.0
116980,0.0
89858,0.0
129851,0.0
31536,0.0
65024,0.0
67750,0.0
137117,0.0
65699,0.0
58327,0.0
45483,0.0
14320,0.0
40819,0.0
92053,0.0
55001,0.0
76849,0.0
40149,0.0
50729,0.0
62696,0.0
87669,0.0
90616,0.0
32547,0.0
54089,0.0
54298,0.0
22048,0.0
31833,0.0
24926,0.0
122857,0.0
98565,0.0
85327,0.0
8577,0.0
12421,0.0
100409,0.0
135507,0.0
66710,0.0
91958,0.0
85729,0.0
60872,0.0
158438,0.0
140058,0.0
14015,0.0
31263,0.0
9918,0.0
98293,0.0
84859,0.0
143987,0.0
97488,0.0
97711,0.0
18668,0.0
31236,0.0
85632,0.0
79427,0.0
157294,0.0
151641,0.0
88733,0.0
135031,0.0
142843,0.0
108273,0.0
152581,0.0
132087,0.0
16995,0.0
47356,0.0
113812,0.0
22775,0.0
152749,0.0
38053,0.0
116398,0.0
16013,0.0
22619,0.0
11880,0.0
91001,0.0
100251,0.0
156008,0.0
120072,0.0
101047,0.0
124678,0.0
144189,0.0
123464,0.0
156369,0.0
43478,0.0
135007,0.0
53603,0.0
147259,0.0
92134,0.0
100229,0.0
55728,0.0
72309,0.0
52183,0.0
135816,0.0
39516,0.0
17005,0.0
75083,0.0
134647,0.0
154537,0.0
26570,0.0
22220,0.0
129899,0.0
27316,0.0
141547,0.0
157526,0.0
143682,0.0
107966,0.0
55579,0.0
46211,0.0
55308,0.0
43485,0.0
55289,0.0
75217,0.0
153821,0.0
111101,0.0
69385,0.0
77391,0.0
106784,0.0
130803,0.0
75154,0.0
45364,0.0
139826,0.0
157210,0.0
96724,0.0
153906,0.0
155621,0.0
60041,0.0
126047,0.0
133390,0.0
96864,0.0
130214,0.0
69,0.0
93788,0.0
90505,0.0
43084,0.0
130532,0.0
16644,0.0
7530,0.0
84571,0.0
123562,0.0
19889,0.0
132494,0.0
36601,0.0
18880,0.0
51871,0.0
308,0.0
142194,0.0
36340,0.0
119589,0.0
53859,0.0
74974,0.0
146696,0.0
95934,0.0
154322,0.0
157981,0.0
145424,0.0
22109,0.0
142870,0.0
63007,0.0
36627,0.0
104833,0.0
31641,0.0
1760,0.0
36745,0.0
87889,0.0
91358,0.0
123819,0.0
151653,0.0
15129,0.0
103639,0.0
87992,0.0
69939,0.0
148113,0.0
126721,0.0
92191,0.0
131645,0.0
120780,0.0
74408,0.0
121744,0.0
146457,0.0
37632,0.0
61556,0.0
135287,0.0
105686,0.0
72736,0.0
42278,0.0
139935,0.0
48115,0.0
139855,0.0
26093,0.0
3526,0.0
21930,0.0
17746,0.0
144234,0.0
62539,0.0
148689,0.0
152308,0.0
77770,0.0
100143,0.0
138802,0.0
83742,0.0
2026,0.0
88882,0.0
16265,0.0
67949,0.0
137287,0.0
143952,0.0
100153,0.0
47203,0.0
77082,0.0
103280,0.0
151033,0.0
20440,0.0
27431,0.0
15693,0.0
137886,0.0
54270,0.0
143422,0.0
67930,0.0
18075,0.0
33017,0.0
33823,0.0
145416,0.0
97461,0.0
26680,0.0
58107,0.0
114968,0.0
151758,0.0
84555,0.0
53913,0.0
35680,0.0
93146,0.0
89557,0.0
107992,0.0
49374,0.0
27684,0.0
67678,0.0
20274,0.0
31149,0.0
68744,0.0
134459,0.0
19104,0.0
14234,0.0
2325,0.0
138102,0.0
142655,0.0
59041,0.0
34845,0.0
64945,0.0
115763,0.0
44368,0.0
79275,0.0
81667,0.0
9646,0.0
157299,0.0
4807,0.0
99616,0.0
85556,0.0
156315,0.0
56818,0.0
128900,0.0
143107,0.0
26625,0.0
22611,0.0
125129,0.0
74510,0.0
63275,0.0
19348,0.0
138383,0.0
99728,0.0
138522,0.0
40634,0.0
84289,0.0
77649,0.0
155897,0.0
86370,0.0
148499,0.0
160,0.0
80674,0.0
38018,0.0
124463,0.0
159579,0.0
159433,0.0
135126,0.0
159156,0.0
48467,0.0
121373,0.0
42117,0.0
141908,0.0
36367,0.0
152656,0.0
112535,0.0
140560,0.0
62202,0.0
50293,0.0
147981,0.0
13836,0.0
12179,0.0
71848,0.0
56736,0.0
27406,0.0
111287,0.0
20798,0.0
101142,0.0
42759,0.0
20539,0.0
52457,0.0
99963,0.0
17700,0.0
40375,0.0
133542,0.0
10563,0.0
72506,0.0
55242,0.0
120677,0.0
2134,0.0
110870,0.0
88477,0.0
155106,0.0
109849,0.0
76604,0.0
52034,0.0
52612,0.0
145755,0.0
5499,0.0
13527,0.0
42367,0.0
65470,0.0
67016,0.0
141698,0.0
31688,0.0
112592,0.0
63022,0.0
117455,0.0
88511,0.0
113464,0.0
28159,0.0
106526,0.0
126028,0.0
153847,0.0
140029,0.0
100333,0.0
117076,0.0
39024,0.0
159510,0.0
104472,0.0
2734,0.0
135403,0.0
154173,0.0
145105,0.0
56671,0.0
3239,0.0
11249,0.0
78922,0.0
67860,0.0
133047,0.0
83198,0.0
86564,0.0
141109,0.0
94123,0.0
11940,0.0
114962,0.0
18858,0.0
68919,0.0
35035,0.0
19335,0.0
18740,0.0
67069,0.0
28934,0.0
121636,0.0
84811,0.0
49142,0.0
98383,0.0
71597,0.0
135610,0.0
68853,0.0
136996,0.0
84345,0.0
54512,0.0
27705,0.0
30335,0.0
2206,0.0
84435,0.0
128880,0.0
79124,0.0
114654,0.0
74925,0.0
38680,0.0
124349,0.0
156483,0.0
14939,0.0
39383,0.0
42425,0.0
121784,0.0
60387,0.0
77275,0.0
34363,0.0
44267,0.0
109460,0.0
120276,0.0
158823,0.0
159301,0.0
83656,0.0
13979,0.0
35965,0.0
143708,0.0
48236,0.0
155604,0.0
83886,0.0
119288,0.0
40949,0.0
51538,0.0
129762,0.0
51117,0.0
152558,0.0
64098,0.0
11662,0.0
121605,0.0
154225,0.0
88222,0.0
76073,0.0
14021,0.0
30958,0.0
20638,0.0
23703,0.0
61958,0.0
155612,0.0
7245,0.0
63234,0.0
38292,0.0
17892,0.0
109368,0.0
117967,0.0
23408,0.0
31202,0.0
104567,0.0
92282,0.0
64939,0.0
89649,0.0
127071,0.0
103102,0.0
54984,0.0
64163,0.0
92564,0.0
61632,0.0
7918,0.0
68262,0.0
3757,0.0
89775,0.0
46693,0.0
94279,0.0
55311,0.0
66826,0.0
266,0.0
141864,0.0
22876,0.0
84674,0.0
81694,0.0
25837,0.0
124844,0.0
88737,0.0
154360,0.0
61256,0.0
19119,0.0
146953,0.0
19567,0.0
18665,0.0
71471,0.0
2930,0.0
65159,0.0
114958,0.0
81711,0.0
49674,0.0
72527,0.0
158229,0.0
103549,0.0
19384,0.0
97676,0.0
16464,0.0
127339,0.0
142066,0.0
100454,0.0
77238,0.0
116976,0.0
60619,0.0
56256,0.0
140231,0.0
84238,0.0
36330,0.0
99873,0.0
106308,0.0
97050,0.0
71247,0.0
52437,0.0
154661,0.0
92216,0.0
17900,0.0
38231,0.0
66775,0.0
50281,0.0
19964,0.0
141041,0.0
121224,0.0
46001,0.0
83244,0.0
37108,0.0
115868,0.0
11677,0.0
32062,0.0
5993,0.0
113178,0.0
85566,0.0
100110,0.0
123935,0.0
124128,0.0
70595,0.0
132831,0.0
54923,0.0
6537,0.0
102857,0.0
9631,0.0
138298,0.0
132140,0.0
10416,0.0
39279,0.0
95152,0.0
22214,0.0
100929,0.0
57299,0.0
42707,0.0
99899,0.0
68841,0.0
131362,0.0
39311,0.0
115552,0.0
147831,0.0
9041,0.0
53956,0.0
38031,0.0
43251,0.0
39511,0.0
12762,0.0
56646,0.0
56013,0.0
76620,0.0
47422,0.0
158702,0.0
115132,0.0
64363,0.0
132532,0.0
133944,0.0
7987,0.0
82445,0.0
137245,0.0
27118,0.0
14990,0.0
148434,0.0
80039,0.0
222,0.0
135743,0.0
90952,0.0
128665,0.0
4532,0.0
106911,0.0
44315,0.0
79954,0.0
43977,0.0
130550,0.0
147917,0.0
65072,0.0
87253,0.0
26338,0.0
95488,0.0
32929,0.0
20532,0.0
113486,0.0
61629,0.0
51775,0.0
71941,0.0
8843,0.0
67866,0.0
78447,0.0
30609,0.0
58258,0.0
78216,0.0
97439,0.0
67512,0.0
85877,0.0
99073,0.0
91966,0.0
90583,0.0
37540,0.0
20516,0.0
74882,0.0
141563,0.0
143609,0.0
74081,0.0
35751,0.0
3435,0.0
136474,0.0
89207,0.0
62012,0.0
62051,0.0
89814,0.0
86806,0.0
121006,0.0
137102,0.0
74498,0.0
40245,0.0
30382,0.0
46036,0.0
8025,0.0
123583,0.0
64084,0.0
92710,0.0
28160,0.0
138141,0.0
56978,0.0
152686,0.0
30604,0.0
90292,0.0
118498,0.0
34755,0.0
72417,0.0
10633,0.0
76267,0.0
110374,0.0
132992,0.0
11776,0.0
26301,0.0
51104,0.0
57806,0.0
44162,0.0
4834,0.0
27975,0.0
56043,0.0
115980,0.0
112873,0.0
411,0.0
47430,0.0
146633,0.0
26417,0.0
34130,0.0
74230,0.0
28483,0.0
18252,0.0
67507,0.0
115646,0.0
152578,0.0
36247,0.0
99305,0.0
14537,0.0
109611,0.0
94590,0.0
12998,0.0
102036,0.0
35840,0.0
119236,0.0
33006,0.0
127205,0.0
152949,0.0
130484,0.0
88491,0.0
94849,0.0
125497,0.0
33468,0.0
52880,0.0
56197,0.0
1258,0.0
123523,0.0
135958,0.0
76377,0.0
117044,0.0
91120,0.0
140771,0.0
34352,0.0
100104,0.0
116641,0.0
68047,0.0
36781,0.0
159048,0.0
158154,0.0
75553,0.0
66270,0.0
5517,0.0
2042,0.0
89175,0.0
156302,0.0
47539,0.0
124252,0.0
97444,0.0
105165,0.0
115664,0.0
134010,0.0
57164,0.0
29966,0.0
86740,0.0
34984,0.0
154306,0.0
100249,0.0
154075,0.0
10920,0.0
150141,0.0
16003,0.0
21883,0.0
62873,0.0
33509,0.0
26082,0.0
109435,0.0
16898,0.0
157350,0.0
125270,0.0
37190,0.0
108756,0.0
140569,0.0
81824,0.0
36294,0.0
104159,0.0
94768,0.0
104715,0.0
91818,0.0
138248,0.0
50571,0.0
102874,0.0
44395,0.0
52770,0.0
15628,0.0
67073,0.0
49054,0.0
72767,0.0
111800,0.0
111510,0.0
65387,0.0
138284,0.0
159173,0.0
113184,0.0
41526,0.0
374,0.0
47034,0.0
49981,0.0
104373,0.0
79909,0.0
67783,0.0
14257,0.0
85809,0.0
10058,0.0
100495,0.0
23994,0.0
17588,0.0
84302,0.0
2474,0.0
157085,0.0
60096,0.0
120863,0.0
11115,0.0
33187,0.0
109172,0.0
17665,0.0
115604,0.0
79721,0.0
41076,0.0
126492,0.0
124697,0.0
12803,0.0
49249,0.0
127483,0.0
153726,0.0
112347,0.0
158367,0.0
86400,0.0
36168,0.0
140933,0.0
113336,0.0
150905,0.0
54157,0.0
27257,0.0
105466,0.0
109145,0.0
16474,0.0
87119,0.0
121699,0.0
37653,0.0
145941,0.0
12542,0.0
61917,0.0
49830,0.0
122708,0.0
71573,0.0
104503,0.0
64569,0.0
16397,0.0
98572,0.0
102929,0.0
139275,0.0
144095,0.0
345,0.0
77923,0.0
104732,0.0
128336,0.0
135269,0.0
33690,0.0
117756,0.0
139191,0.0
92949,0.0
68531,0.0
108197,0.0
2243,0.0
62924,0.0
36568,0.0
131446,0.0
63253,0.0
38217,0.0
21215,0.0
42960,0.0
128444,0.0
118361,0.0
66705,0.0
95266,0.0
142540,0.0
86815,0.0
8924,0.0
31054,0.0
151203,0.0
40530,0.0
95790,0.0
25519,0.0
131482,0.0
38506,0.0
131179,0.0
93522,0.0
145614,0.0
154146,0.0
45240,0.0
75823,0.0
138725,0.0
43995,0.0
2576,0.0
82510,0.0
109004,0.0
137897,0.0
128539,0.0
89565,0.0
1073,0.0
143996,0.0
67644,0.0
78413,0.0
153146,0.0
108082,0.0
140220,0.0
108364,0.0
107228,0.0
122042,0.0
72092,0.0
102282,0.0
4956,0.0
117343,0.0
84626,0.0
63601,0.0
139074,0.0
129282,0.0
57638,0.0
1829,0.0
73406,0.0
147460,0.0
82809,0.0
10814,0.0
71702,0.0
102971,0.0
30394,0.0
64943,0.0
39435,0.0
29007,0.0
154638,0.0
28720,0.0
26427,0.0
34455,0.0
37240,0.0
75698,0.0
135884,0.0
151612,0.0
12684,0.0
36068,0.0
80213,0.0
90720,0.0
34332,0.0
2538,0.0
65441,0.0
122570,0.0
6129,0.0
52325,0.0
32681,0.0
120777,0.0
39111,0.0
34380,0.0
150762,0.0
7188,0.0
33186,0.0
41818,0.0
105182,0.0
12448,0.0
38532,0.0
136869,0.0
117988,0.0
10758,0.0
156723,0.0
128556,0.0
109195,0.0
63772,0.0
44978,0.0
116738,0.0
85004,0.0
136658,0.0
55983,0.0
159235,0.0
154775,0.0
40685,0.0
125012,0.0
64784,0.0
32326,0.0
86678,0.0
109904,0.0
66632,0.0
83315,0.0
119901,0.0
137376,0.0
19373,0.0
33348,0.0
32643,0.0
3355,0.0
47926,0.0
107937,0.0
62713,0.0
84706,0.0
58654,0.0
94670,0.0
159387,0.0
24340,0.0
50673,0.0
100449,0.0
96040,0.0
116523,0.0
41948,0.0
54895,0.0
104646,0.0
49403,0.0
8144,0.0
142800,0.0
41908,0.0
154972,0.0
86417,0.0
105415,0.0
143783,0.0
130369,0.0
113810,0.0
153245,0.0
107302,0.0
69833,0.0
28363,0.0
11658,0.0
123921,0.0
132596,0.0
68877,0.0
86191,0.0
61638,0.0
89301,0.0
46024,0.0
112169,0.0
56006,0.0
40368,0.0
138889,0.0
97501,0.0
79939,0.0
134898,0.0
6898,0.0
65860,0.0
7355,0.0
8580,0.0
36201,0.0
73749,0.0
55495,0.0
84067,0.0
110382,0.0
39298,0.0
5736,0.0
140121,0.0
99710,0.0
106078,0.0
72530,0.0
13634,0.0
79556,0.0
40365,0.0
61724,0.0
96537,0.0
124351,0.0
12798,0.0
140700,0.0
17185,0.0
142036,0.0
2524,0.0
47443,0.0
105700,0.0
4441,0.0
27688,0.0
22175,0.0
29856,0.0
38594,0.0
120663,0.0
88132,0.0
90219,0.0
39761,0.0
45856,0.0
82135,0.0
98854,0.0
20063,0.0
15607,0.0
5545,0.0
71860,0.0
123962,0.0
69251,0.0
81990,0.0
33295,0.0
152132,0.0
46011,0.0
89581,0.0
96659,0.0
159160,0.0
97730,0.0
134508,0.0
116029,0.0
94158,0.0
9868,0.0
104245,0.0
18123,0.0
60388,0.0
109922,0.0
60688,0.0
85730,0.0
149523,0.0
90873,0.0
31489,0.0
126836,0.0
112674,0.0
154100,0.0
145856,0.0
1611,0.0
3317,0.0
131874,0.0
5368,0.0
107877,0.0
67683,0.0
67959,0.0
21399,0.0
14813,0.0
50967,0.0
150651,0.0
9453,0.0
136502,0.0
153808,0.0
13926,0.0
151495,0.0
96693,0.0
6055,0.0
132487,0.0
59049,0.0
138117,0.0
152239,0.0
132112,0.0
158212,0.0
72161,0.0
133816,0.0
84060,0.0
145414,0.0
80666,0.0
6728,0.0
108813,0.0
7620,0.0
34309,0.0
29522,0.0
118338,0.0
131319,0.0
118386,0.0
61691,0.0
61009,0.0
16188,0.0
132315,0.0
20275,0.0
143115,0.0
2501,0.0
128718,0.0
29128,0.0
123719,0.0
4362,0.0
89121,0.0
153764,0.0
150735,0.0
552,0.0
114215,0.0
155016,0.0
110402,0.0
7163,0.0
50194,0.0
158411,0.0
35672,0.0
50295,0.0
12777,0.0
28095,0.0
64457,0.0
111668,0.0
12324,0.0
7584,0.0
46061,0.0
153264,0.0
18408,0.0
70938,0.0
25310,0.0
157182,0.0
151368,0.0
37939,0.0
87062,0.0
67937,0.0
18989,0.0
79783,0.0
99483,0.0
21075,0.0
60376,0.0
143919,0.0
87633,0.0
62951,0.0
100806,0.0
128397,0.0
157733,0.0
146996,0.0
124160,0.0
92319,0.0
44715,0.0
120256,0.0
88130,0.0
104027,0.0
151229,0.0
121514,0.0
45383,0.0
48712,0.0
160145,0.0
152699,0.0
89279,0.0
14091,0.0
14526,0.0
107384,0.0
51081,0.0
111166,0.0
41922,0.0
60612,0.0
104663,0.0
21061,0.0
93089,0.0
131416,0.0
139162,0.0
107237,0.0
111856,0.0
90993,0.0
150214,0.0
89332,0.0
129365,0.0
18523,0.0
47951,0.0
141893,0.0
7449,0.0
71442,0.0
32636,0.0
4498,0.0
146244,0.0
93715,0.0
128574,0.0
11302,0.0
63980,0.0
73297,0.0
146817,0.0
56732,0.0
100826,0.0
87781,0.0
113335,0.0
107328,0.0
103957,0.0
124507,0.0
144587,0.0
65673,0.0
134813,0.0
21394,0.0
61661,0.0
126985,0.0
108540,0.0
55737,0.0
86812,0.0
81054,0.0
30311,0.0
41509,0.0
87148,0.0
71971,0.0
55189,0.0
132619,0.0
15931,0.0
123537,0.0
121294,0.0
2044,0.0
144727,0.0
6023,0.0
143608,0.0
77585,0.0
66704,0.0
46930,0.0
131850,0.0
75136,0.0
41201,0.0
96385,0.0
88119,0.0
34928,0.0
29923,0.0
152236,0.0
115197,0.0
7578,0.0
79755,0.0
52812,0.0
67239,0.0
16788,0.0
133326,0.0
6309,0.0
144130,0.0
61210,0.0
153656,0.0
67785,0.0
37051,0.0
124746,0.0
83981,0.0
155892,0.0
2364,0.0
81272,0.0
43152,0.0
80599,0.0
99478,0.0
54022,0.0
9705,0.0
131879,0.0
146151,0.0
71372,0.0
115780,0.0
138635,0.0
45288,0.0
8189,0.0
82684,0.0
82611,0.0
132410,0.0
141051,0.0
31791,0.0
142597,0.0
148228,0.0
112548,0.0
5752,0.0
77458,0.0
136408,0.0
108841,0.0
35622,0.0
2074,0.0
107578,0.0
144331,0.0
80924,0.0
130657,0.0
121947,0.0
137034,0.0
42323,0.0
21593,0.0
87049,0.0
89563,0.0
26646,0.0
14285,0.0
148568,0.0
46631,0.0
126009,0.0
145592,0.0
32401,0.0
81203,0.0
42219,0.0
114979,0.0
53974,0.0
20282,0.0
27718,0.0
51422,0.0
146273,0.0
35568,0.0
28290,0.0
101128,0.0
20405,0.0
75652,0.0
129037,0.0
49685,0.0
105301,0.0
2664,0.0
6004,0.0
143245,0.0
17014,0.0
102890,0.0
134853,0.0
45486,0.0
138005,0.0
9256,0.0
76610,0.0
27412,0.0
67511,0.0
76810,0.0
116679,0.0
27137,0.0
100654,0.0
1938,0.0
6987,0.0
107000,0.0
11979,0.0
58613,0.0
52160,0.0
128017,0.0
132445,0.0
149408,0.0
48600,0.0
26351,0.0
63017,0.0
150138,0.0
8692,0.0
15448,0.0
91485,0.0
133411,0.0
32877,0.0
18071,0.0
66733,0.0
23103,0.0
5302,0.0
41742,0.0
12099,0.0
116670,0.0
27223,0.0
145077,0.0
53109,0.0
68819,0.0
125677,0.0
94933,0.0
53881,0.0
131116,0.0
62858,0.0
95596,0.0
108234,0.0
40660,0.0
35837,0.0
143174,0.0
9984,0.0
152377,0.0
41929,0.0
57438,0.0
95015,0.0
34077,0.0
128529,0.0
25261,0.0
51849,0.0
153804,0.0
11676,0.0
19709,0.0
126636,0.0
23907,0.0
15647,0.0
132888,0.0
84285,0.0
84930,0.0
94602,0.0
67915,0.0
110163,0.0
57383,0.0
34438,0.0
1486,0.0
16161,0.0
73598,0.0
138471,0.0
45489,0.0
128613,0.0
144793,0.0
89054,0.0
127546,0.0
78960,0.0
36200,0.0
5236,0.0
117560,0.0
100614,0.0
108911,0.0
140935,0.0
146182,0.0
80933,0.0
153303,0.0
26094,0.0
123996,0.0
1883,0.0
32743,0.0
30265,0.0
124029,0.0
71241,0.0
4601,0.0
71934,0.0
90069,0.0
111443,0.0
83678,0.0
120999,0.0
117211,0.0
80646,0.0
103945,0.0
17628,0.0
111282,0.0
84180,0.0
68892,0.0
8537,0.0
110514,0.0
85803,0.0
99558,0.0
3337,0.0
69287,0.0
150571,0.0
127545,0.0
134047,0.0
142445,0.0
92194,0.0
22877,0.0
8974,0.0
131392,0.0
68284,0.0
97882,0.0
1625,0.0
3947,0.0
29683,0.0
67220,0.0
15967,0.0
135547,0.0
39762,0.0
71453,0.0
62392,0.0
51233,0.0
154695,0.0
147436,0.0
112688,0.0
144157,0.0
75980,0.0
145575,0.0
154702,0.0
106699,0.0
100276,0.0
142412,0.0
9246,0.0
8415,0.0
157044,0.0
158593,0.0
104143,0.0
37851,0.0
124902,0.0
3048,0.0
33040,0.0
22776,0.0
115697,0.0
13034,0.0
62947,0.0
90763,0.0
145814,0.0
142437,0.0
71359,0.0
132867,0.0
107959,0.0
17883,0.0
47172,0.0
13434,0.0
74946,0.0
58113,0.0
114122,0.0
136220,0.0
10151,0.0
122535,0.0
11665,0.0
148787,0.0
101555,0.0
57229,0.0
107915,0.0
58162,0.0
122486,0.0
75959,0.0
22905,0.0
4529,0.0
10233,0.0
17426,0.0
17363,0.0
145018,0.0
102357,0.0
133476,0.0
25805,0.0
5019,0.0
154147,0.0
122231,0.0
117945,0.0
137002,0.0
27275,0.0
133996,0.0
60654,0.0
133123,0.0
27064,0.0
140296,0.0
28069,0.0
121273,0.0
153651,0.0
57393,0.0
67386,0.0
40842,0.0
18060,0.0
23558,0.0
114117,0.0
149760,0.0
97959,0.0
60417,0.0
77173,0.0
86946,0.0
100668,0.0
130265,0.0
8103,0.0
88880,0.0
80191,0.0
60330,0.0
36121,0.0
104065,0.0
116274,0.0
636,0.0
116718,0.0
155950,0.0
120328,0.0
52814,0.0
114926,0.0
117565,0.0
126428,0.0
93259,0.0
83263,0.0
138146,0.0
3591,0.0
17913,0.0
87417,0.0
158607,0.0
29838,0.0
150497,0.0
131863,0.0
124874,0.0
14610,0.0
21799,0.0
10197,0.0
73402,0.0
84815,0.0
57898,0.0
105346,0.0
147317,0.0
144213,0.0
81481,0.0
20797,0.0
68645,0.0
135027,0.0
36692,0.0
156597,0.0
143531,0.0
14694,0.0
68300,0.0
16002,0.0
21887,0.0
67372,0.0
106477,0.0
120469,0.0
89759,0.0
158611,0.0
13047,0.0
51103,0.0
15590,0.0
85374,0.0
85131,0.0
127747,0.0
71625,0.0
125442,0.0
94958,0.0
147541,0.0
97406,0.0
93605,0.0
133012,0.0
140221,0.0
84275,0.0
62095,0.0
1082,0.0
16279,0.0
97193,0.0
59337,0.0
125028,0.0
95328,0.0
127225,0.0
29922,0.0
54656,0.0
126029,0.0
92460,0.0
58262,0.0
104841,0.0
32286,0.0
10504,0.0
138308,0.0
85810,0.0
107675,0.0
7054,0.0
83689,0.0
127056,0.0
50265,0.0
17699,0.0
148142,0.0
119912,0.0
63725,0.0
81130,0.0
19616,0.0
151824,0.0
9898,0.0
33118,0.0
69100,0.0
1172,0.0
62643,0.0
83765,0.0
71401,0.0
92717,0.0
107132,0.0
2469,0.0
1343,0.0
115321,0.0
35666,0.0
1155,0.0
155578,0.0
51527,0.0
127135,0.0
61960,0.0
45624,0.0
132741,0.0
40372,0.0
126917,0.0
106051,0.0
145006,0.0
141302,0.0
98514,0.0
350,0.0
151395,0.0
35652,0.0
29894,0.0
60239,0.0
44119,0.0
120892,0.0
113454,0.0
71151,0.0
20818,0.0
68242,0.0
63486,0.0
87892,0.0
64024,0.0
153150,0.0
18819,0.0
137144,0.0
108804,0.0
80787,0.0
34091,0.0
135872,0.0
150964,0.0
36223,0.0
158475,0.0
72064,0.0
12885,0.0
99736,0.0
117520,0.0
142083,0.0
147130,0.0
87929,0.0
108252,0.0
76845,0.0
52964,0.0
141886,0.0
1295,0.0
42638,0.0
9970,0.0
1929,0.0
118092,0.0
62979,0.0
3430,0.0
113435,0.0
62027,0.0
112856,0.0
97689,0.0
131595,0.0
90969,0.0
12516,0.0
121010,0.0
13268,0.0
22164,0.0
73384,0.0
87966,0.0
78084,0.0
156476,0.0
101722,0.0
76594,0.0
36216,0.0
79026,0.0
16267,0.0
100659,0.0
4561,0.0
52673,0.0
9277,0.0
77528,0.0
26847,0.0
76364,0.0
17689,0.0
22551,0.0
92605,0.0
38230,0.0
138164,0.0
45716,0.0
14369,0.0
131817,0.0
95641,0.0
66055,0.0
17476,0.0
83285,0.0
135904,0.0
122131,0.0
157523,0.0
130177,0.0
112053,0.0
157642,0.0
82609,0.0
46643,0.0
37382,0.0
84642,0.0
15482,0.0
30505,0.0
17957,0.0
41958,0.0
8457,0.0
156415,0.0
123613,0.0
154704,0.0
151393,0.0
23047,0.0
60435,0.0
30519,0.0
106023,0.0
155617,0.0
150511,0.0
78275,0.0
86423,0.0
69868,0.0
28592,0.0
117445,0.0
132880,0.0
36250,0.0
95908,0.0
12484,0.0
32376,0.0
113870,0.0
20883,0.0
11958,0.0
84303,0.0
82200,0.0
53261,0.0
20930,0.0
122763,0.0
9365,0.0
87541,0.0
118231,0.0
25467,0.0
23030,0.0
151646,0.0
15390,0.0
124461,0.0
3143,0.0
111961,0.0
34486,0.0
148722,0.0
12454,0.0
120790,0.0
100122,0.0
62332,0.0
157909,0.0
106872,0.0
25,0.0
134392,0.0
153044,0.0
3474,0.0
20906,0.0
76487,0.0
58382,0.0
112234,0.0
20260,0.0
72847,0.0
80058,0.0
81524,0.0
108720,0.0
154178,0.0
3203,0.0
93219,0.0
11188,0.0
85037,0.0
136253,0.0
112146,0.0
130963,0.0
82239,0.0
131703,0.0
133107,0.0
91166,0.0
22818,0.0
51835,0.0
159295,0.0
8796,0.0
37013,0.0
158048,0.0
79694,0.0
92975,0.0
152434,0.0
113731,0.0
130342,0.0
32339,0.0
112012,0.0
141827,0.0
60366,0.0
138558,0.0
17250,0.0
65753,0.0
77164,0.0
84979,0.0
76715,0.0
109396,0.0
11376,0.0
25587,0.0
18157,0.0
52502,0.0
90588,0.0
53089,0.0
105833,0.0
86113,0.0
54137,0.0
134029,0.0
79635,0.0
86994,0.0
52624,0.0
13708,0.0
17792,0.0
80510,0.0
130836,0.0
47872,0.0
154637,0.0
12175,0.0
87471,0.0
75561,0.0
94816,0.0
67174,0.0
126430,0.0
58318,0.0
66054,0.0
110446,0.0
12934,0.0
126062,0.0
89006,0.0
93748,0.0
135733,0.0
22956,0.0
45641,0.0
8201,0.0
65665,0.0
6163,0.0
106999,0.0
10,1.0
125,1.0
129,1.0
147,1.0
235,1.0
247,1.0
248,1.0
281,1.0
306,1.0
329,1.0
377,1.0
564,1.0
571,1.0
604,1.0
689,1.0
712,1.0
828,1.0
865,1.0
900,1.0
1012,1.0
1066,1.0
1144,1.0
1189,1.0
1218,1.0
1219,1.0
1221,1.0
1227,1.0
1347,1.0
1385,1.0
1432,1.0
1457,1.0
1493,1.0
1538,1.0
1662,1.0
1701,1.0
1746,1.0
1767,1.0
1775,1.0
1794,1.0
1818,1.0
1869,1.0
1899,1.0
1937,1.0
1962,1.0
2008,1.0
2081,1.0
2167,1.0
2192,1.0
2375,1.0
2422,1.0
2573,1.0
2637,1.0
2700,1.0
2710,1.0
2713,1.0
2765,1.0
2858,1.0
2869,1.0
2940,1.0
2986,1.0
3010,1.0
3033,1.0
3097,1.0
3118,1.0
3208,1.0
3210,1.0
3213,1.0
3228,1.0
3285,1.0
3343,1.0
3344,1.0
3364,1.0
3397,1.0
3417,1.0
3418,1.0
3421,1.0
3446,1.0
3447,1.0
3454,1.0
3549,1.0
3557,1.0
3665,1.0
3698,1.0
3848,1.0
3855,1.0
3905,1.0
3963,1.0
3965,1.0
3971,1.0
4044,1.0
4073,1.0
4094,1.0
4108,1.0
4116,1.0
4157,1.0
4178,1.0
4198,1.0
4211,1.0
4278,1.0
4304,1.0
4312,1.0
4327,1.0
4363,1.0
4415,1.0
4502,1.0
4542,1.0
4548,1.0
4579,1.0
4581,1.0
4634,1.0
4662,1.0
4672,1.0
4691,1.0
4843,1.0
4895,1.0
4911,1.0
4973,1.0
4975,1.0
5004,1.0
5006,1.0
5020,1.0
5086,1.0
5124,1.0
5203,1.0
5204,1.0
5237,1.0
5249,1.0
5258,1.0
5296,1.0
5297,1.0
5314,1.0
5316,1.0
5319,1.0
5323,1.0
5339,1.0
5367,1.0
5432,1.0
5457,1.0
5487,1.0
5544,1.0
5569,1.0
5585,1.0
5620,1.0
5633,1.0
5648,1.0
5673,1.0
5698,1.0
5732,1.0
5745,1.0
5746,1.0
5764,1.0
5800,1.0
5840,1.0
5878,1.0
5881,1.0
5890,1.0
5913,1.0
5934,1.0
5982,1.0
6072,1.0
6074,1.0
6076,1.0
6083,1.0
6111,1.0
6165,1.0
6166,1.0
6340,1.0
6396,1.0
6399,1.0
6406,1.0
6419,1.0
6440,1.0
6539,1.0
6614,1.0
6661,1.0
6740,1.0
6768,1.0
6792,1.0
6814,1.0
6895,1.0
6913,1.0
6922,1.0
6930,1.0
6997,1.0
7083,1.0
7151,1.0
7189,1.0
7225,1.0
7251,1.0
7252,1.0
7281,1.0
7349,1.0
7407,1.0
7570,1.0
7585,1.0
7604,1.0
7777,1.0
7784,1.0
7869,1.0
8000,1.0
8053,1.0
8069,1.0
8073,1.0
8158,1.0
8218,1.0
8256,1.0
8261,1.0
8269,1.0
8294,1.0
8326,1.0
8338,1.0
8353,1.0
8357,1.0
8490,1.0
8516,1.0
8520,1.0
8531,1.0
8567,1.0
8612,1.0
8614,1.0
8658,1.0
8683,1.0
8689,1.0
8718,1.0
8767,1.0
8781,1.0
8795,1.0
8804,1.0
8810,1.0
8893,1.0
9048,1.0
9104,1.0
9139,1.0
9293,1.0
9317,1.0
9340,1.0
9372,1.0
9374,1.0
9406,1.0
9412,1.0
9451,1.0
9455,1.0
9542,1.0
9545,1.0
9623,1.0
9639,1.0
9690,1.0
9711,1.0
9717,1.0
9764,1.0
9963,1.0
9980,1.0
10054,1.0
10097,1.0
10102,1.0
10131,1.0
10201,1.0
10317,1.0
10324,1.0
10353,1.0
10446,1.0
10533,1.0
10537,1.0
10577,1.0
10724,1.0
10795,1.0
10804,1.0
10811,1.0
10833,1.0
10931,1.0
11081,1.0
11148,1.0
11158,1.0
11231,1.0
11274,1.0
11288,1.0
11335,1.0
11417,1.0
11438,1.0
11513,1.0
11515,1.0
11621,1.0
11641,1.0
11644,1.0
11646,1.0
11717,1.0
11721,1.0
11728,1.0
11729,1.0
11733,1.0
11745,1.0
11877,1.0
11886,1.0
11887,1.0
11917,1.0
11932,1.0
11947,1.0
12011,1.0
12049,1.0
12109,1.0
12161,1.0
12164,1.0
12181,1.0
12192,1.0
12232,1.0
12274,1.0
12320,1.0
12371,1.0
12466,1.0
12526,1.0
12585,1.0
12730,1.0
12756,1.0
12773,1.0
12849,1.0
12972,1.0
12984,1.0
13057,1.0
13147,1.0
13203,1.0
13281,1.0
13302,1.0
13319,1.0
13339,1.0
13466,1.0
13561,1.0
13616,1.0
13627,1.0
13649,1.0
13697,1.0
13825,1.0
13851,1.0
13852,1.0
13952,1.0
13987,1.0
14000,1.0
14124,1.0
14130,1.0
14185,1.0
14290,1.0
14315,1.0
14391,1.0
14465,1.0
14520,1.0
14540,1.0
14550,1.0
14558,1.0
14662,1.0
14664,1.0
14722,1.0
14728,1.0
14797,1.0
14834,1.0
14839,1.0
14897,1.0
15030,1.0
15051,1.0
15091,1.0
15152,1.0
15200,1.0
15272,1.0
15273,1.0
15308,1.0
15310,1.0
15321,1.0
15388,1.0
15464,1.0
15470,1.0
15510,1.0
15542,1.0
15567,1.0
15586,1.0
15627,1.0
15720,1.0
15736,1.0
15776,1.0
15789,1.0
15815,1.0
15816,1.0
15929,1.0
15943,1.0
15983,1.0
16137,1.0
16153,1.0
16209,1.0
16218,1.0
16365,1.0
16558,1.0
16651,1.0
16676,1.0
16748,1.0
16789,1.0
16811,1.0
16812,1.0
16927,1.0
16946,1.0
17045,1.0
17140,1.0
17245,1.0
17251,1.0
17276,1.0
17302,1.0
17320,1.0
17328,1.0
17417,1.0
17430,1.0
17431,1.0
17461,1.0
17464,1.0
17471,1.0
17518,1.0
17697,1.0
17774,1.0
17791,1.0
17822,1.0
17831,1.0
17875,1.0
17932,1.0
17936,1.0
17954,1.0
18017,1.0
18086,1.0
18090,1.0
18243,1.0
18386,1.0
18391,1.0
18413,1.0
18488,1.0
18505,1.0
18536,1.0
18538,1.0
18648,1.0
18702,1.0
18705,1.0
18725,1.0
18758,1.0
18909,1.0
18983,1.0
19035,1.0
19169,1.0
19188,1.0
19234,1.0
19242,1.0
19274,1.0
19331,1.0
19355,1.0
19410,1.0
19492,1.0
19518,1.0
19550,1.0
19643,1.0
19661,1.0
19681,1.0
19698,1.0
19728,1.0
19754,1.0
19972,1.0
19983,1.0
20002,1.0
20009,1.0
20026,1.0
20039,1.0
20044,1.0
20052,1.0
20067,1.0
20141,1.0
20202,1.0
20238,1.0
20303,1.0
20305,1.0
20310,1.0
20330,1.0
20331,1.0
20341,1.0
20347,1.0
20380,1.0
20415,1.0
20482,1.0
20503,1.0
20596,1.0
20598,1.0
20599,1.0
20667,1.0
20726,1.0
20742,1.0
20780,1.0
20802,1.0
20815,1.0
20901,1.0
20933,1.0
20977,1.0
21010,1.0
21178,1.0
21188,1.0
21422,1.0
21425,1.0
21587,1.0
21636,1.0
21664,1.0
21682,1.0
21761,1.0
21765,1.0
21861,1.0
21865,1.0
21872,1.0
21961,1.0
21968,1.0
22035,1.0
22118,1.0
22190,1.0
22212,1.0
22254,1.0
22311,1.0
22328,1.0
22406,1.0
22472,1.0
22505,1.0
22508,1.0
22511,1.0
22518,1.0
22627,1.0
22639,1.0
22783,1.0
22811,1.0
22825,1.0
23031,1.0
23057,1.0
23184,1.0
23209,1.0
23228,1.0
23253,1.0
23381,1.0
23394,1.0
23440,1.0
23453,1.0
23481,1.0
23485,1.0
23541,1.0
23576,1.0
23588,1.0
23595,1.0
23618,1.0
23635,1.0
23694,1.0
23695,1.0
23699,1.0
23728,1.0
23810,1.0
23897,1.0
23997,1.0
24037,1.0
24105,1.0
24107,1.0
24142,1.0
24154,1.0
24176,1.0
24298,1.0
24344,1.0
24489,1.0
24495,1.0
24528,1.0
24575,1.0
24641,1.0
24646,1.0
24661,1.0
24679,1.0
24680,1.0
24707,1.0
24726,1.0
24774,1.0
24807,1.0
24847,1.0
24890,1.0
24910,1.0
24919,1.0
24942,1.0
24947,1.0
24977,1.0
25085,1.0
25190,1.0
25251,1.0
25312,1.0
25344,1.0
25358,1.0
25360,1.0
25375,1.0
25414,1.0
25428,1.0
25483,1.0
25491,1.0
25536,1.0
25670,1.0
25737,1.0
25765,1.0
25785,1.0
25799,1.0
25847,1.0
25911,1.0
26022,1.0
26058,1.0
26091,1.0
26092,1.0
26123,1.0
26172,1.0
26187,1.0
26210,1.0
26214,1.0
26285,1.0
26305,1.0
26454,1.0
26466,1.0
26469,1.0
26496,1.0
26520,1.0
26531,1.0
26545,1.0
26587,1.0
26598,1.0
26599,1.0
26610,1.0
26615,1.0
26632,1.0
26636,1.0
26640,1.0
26651,1.0
26653,1.0
26682,1.0
26691,1.0
26717,1.0
26724,1.0
26796,1.0
26840,1.0
26857,1.0
26883,1.0
26903,1.0
26907,1.0
26939,1.0
26947,1.0
26963,1.0
26985,1.0
26991,1.0
26992,1.0
27012,1.0
27021,1.0
27027,1.0
27111,1.0
27211,1.0
27254,1.0
27287,1.0
27296,1.0
27362,1.0
27503,1.0
27526,1.0
27583,1.0
27622,1.0
27627,1.0
27643,1.0
27704,1.0
27735,1.0
27760,1.0
27769,1.0
27780,1.0
27819,1.0
27926,1.0
27943,1.0
27988,1.0
28004,1.0
28017,1.0
28053,1.0
28091,1.0
28116,1.0
28201,1.0
28269,1.0
28324,1.0
28353,1.0
28362,1.0
28429,1.0
28432,1.0
28434,1.0
28466,1.0
28485,1.0
28519,1.0
28552,1.0
28583,1.0
28589,1.0
28607,1.0
28621,1.0
28634,1.0
28721,1.0
28743,1.0
28903,1.0
28905,1.0
28932,1.0
28938,1.0
28947,1.0
28965,1.0
28976,1.0
28991,1.0
28993,1.0
29076,1.0
29087,1.0
29166,1.0
29179,1.0
29226,1.0
29240,1.0
29243,1.0
29320,1.0
29322,1.0
29330,1.0
29341,1.0
29344,1.0
29357,1.0
29394,1.0
29410,1.0
29422,1.0
29505,1.0
29507,1.0
29548,1.0
29586,1.0
29656,1.0
29670,1.0
29761,1.0
29836,1.0
29863,1.0
29864,1.0
29889,1.0
29890,1.0
29902,1.0
29915,1.0
29929,1.0
30084,1.0
30114,1.0
30267,1.0
30301,1.0
30315,1.0
30326,1.0
30391,1.0
30427,1.0
30461,1.0
30594,1.0
30595,1.0
30631,1.0
30646,1.0
30688,1.0
30719,1.0
30731,1.0
30792,1.0
30947,1.0
30955,1.0
31203,1.0
31224,1.0
31278,1.0
31336,1.0
31337,1.0
31431,1.0
31504,1.0
31523,1.0
31631,1.0
31679,1.0
31682,1.0
31710,1.0
31712,1.0
31713,1.0
31728,1.0
31742,1.0
31775,1.0
31851,1.0
31852,1.0
31870,1.0
31966,1.0
31978,1.0
31988,1.0
32015,1.0
32017,1.0
32039,1.0
32043,1.0
32061,1.0
32077,1.0
32080,1.0
32098,1.0
32105,1.0
32111,1.0
32141,1.0
32217,1.0
32307,1.0
32403,1.0
32421,1.0
32450,1.0
32453,1.0
32458,1.0
32496,1.0
32532,1.0
32544,1.0
32545,1.0
32646,1.0
32666,1.0
32670,1.0
32748,1.0
32754,1.0
32760,1.0
32794,1.0
32835,1.0
32856,1.0
32907,1.0
32934,1.0
32960,1.0
32964,1.0
33001,1.0
33002,1.0
33015,1.0
33111,1.0
33157,1.0
33174,1.0
33226,1.0
33235,1.0
33353,1.0
33406,1.0
33495,1.0
33506,1.0
33523,1.0
33538,1.0
33614,1.0
33669,1.0
33688,1.0
33804,1.0
33824,1.0
33871,1.0
33893,1.0
34010,1.0
34019,1.0
34119,1.0
34129,1.0
34157,1.0
34197,1.0
34240,1.0
34273,1.0
34339,1.0
34355,1.0
34367,1.0
34379,1.0
34425,1.0
34452,1.0
34470,1.0
34527,1.0
34661,1.0
34707,1.0
34714,1.0
34744,1.0
34774,1.0
34811,1.0
34851,1.0
34859,1.0
34956,1.0
34996,1.0
35056,1.0
35070,1.0
35129,1.0
35232,1.0
35277,1.0
35290,1.0
35312,1.0
35377,1.0
35394,1.0
35452,1.0
35479,1.0
35497,1.0
35504,1.0
35515,1.0
35534,1.0
35663,1.0
35713,1.0
35754,1.0
35780,1.0
35790,1.0
35797,1.0
35842,1.0
35854,1.0
35873,1.0
35885,1.0
35896,1.0
36011,1.0
36074,1.0
36077,1.0
36085,1.0
36260,1.0
36326,1.0
36337,1.0
36345,1.0
36470,1.0
36498,1.0
36523,1.0
36526,1.0
36685,1.0
36719,1.0
36775,1.0
36811,1.0
36835,1.0
36850,1.0
36870,1.0
36923,1.0
36937,1.0
36945,1.0
36961,1.0
37042,1.0
37058,1.0
37067,1.0
37098,1.0
37105,1.0
37113,1.0
37122,1.0
37149,1.0
37198,1.0
37228,1.0
37237,1.0
37326,1.0
37363,1.0
37377,1.0
37400,1.0
37413,1.0
37425,1.0
37462,1.0
37480,1.0
37489,1.0
37497,1.0
37507,1.0
37514,1.0
37549,1.0
37571,1.0
37598,1.0
37625,1.0
37637,1.0
37669,1.0
37710,1.0
37726,1.0
37737,1.0
37795,1.0
37798,1.0
37801,1.0
37860,1.0
37874,1.0
37882,1.0
37944,1.0
38005,1.0
38046,1.0
38066,1.0
38148,1.0
38153,1.0
38174,1.0
38179,1.0
38238,1.0
38274,1.0
38280,1.0
38351,1.0
38452,1.0
38467,1.0
38469,1.0
38489,1.0
38492,1.0
38523,1.0
38628,1.0
38643,1.0
38645,1.0
38646,1.0
38700,1.0
38752,1.0
38764,1.0
38770,1.0
38802,1.0
38851,1.0
38858,1.0
38939,1.0
38959,1.0
38974,1.0
38992,1.0
39037,1.0
39040,1.0
39065,1.0
39081,1.0
39088,1.0
39185,1.0
39285,1.0
39288,1.0
39304,1.0
39313,1.0
39354,1.0
39362,1.0
39385,1.0
39390,1.0
39391,1.0
39422,1.0
39423,1.0
39528,1.0
39529,1.0
39596,1.0
39688,1.0
39783,1.0
39787,1.0
39798,1.0
39810,1.0
39838,1.0
39854,1.0
39864,1.0
39963,1.0
40000,1.0
40051,1.0
40061,1.0
40073,1.0
40077,1.0
40155,1.0
40169,1.0
40178,1.0
40195,1.0
40269,1.0
40276,1.0
40338,1.0
40359,1.0
40414,1.0
40440,1.0
40538,1.0
40678,1.0
40747,1.0
40810,1.0
40875,1.0
40941,1.0
40976,1.0
41004,1.0
41051,1.0
41086,1.0
41096,1.0
41114,1.0
41137,1.0
41257,1.0
41290,1.0
41331,1.0
41334,1.0
41367,1.0
41450,1.0
41478,1.0
41540,1.0
41542,1.0
41543,1.0
41590,1.0
41612,1.0
41650,1.0
41657,1.0
41670,1.0
41813,1.0
41827,1.0
41838,1.0
41905,1.0
41978,1.0
42004,1.0
42011,1.0
42034,1.0
42052,1.0
42062,1.0
42075,1.0
42118,1.0
42169,1.0
42170,1.0
42178,1.0
42240,1.0
42254,1.0
42262,1.0
42275,1.0
42305,1.0
42340,1.0
42376,1.0
42387,1.0
42420,1.0
42489,1.0
42517,1.0
42530,1.0
42538,1.0
42571,1.0
42606,1.0
42609,1.0
42643,1.0
42679,1.0
42749,1.0
42766,1.0
42780,1.0
42831,1.0
42884,1.0
42947,1.0
42953,1.0
43045,1.0
43054,1.0
43079,1.0
43170,1.0
43245,1.0
43269,1.0
43271,1.0
43364,1.0
43377,1.0
43423,1.0
43493,1.0
43525,1.0
43563,1.0
43566,1.0
43598,1.0
43604,1.0
43633,1.0
43636,1.0
43648,1.0
43657,1.0
43700,1.0
43724,1.0
43769,1.0
43778,1.0
43806,1.0
43824,1.0
43842,1.0
43849,1.0
43853,1.0
43908,1.0
43999,1.0
44066,1.0
44080,1.0
44175,1.0
44216,1.0
44290,1.0
44296,1.0
44299,1.0
44347,1.0
44375,1.0
44573,1.0
44586,1.0
44595,1.0
44789,1.0
44811,1.0
44869,1.0
44981,1.0
45027,1.0
45128,1.0
45138,1.0
45173,1.0
45177,1.0
45184,1.0
45316,1.0
45319,1.0
45340,1.0
45344,1.0
45348,1.0
45356,1.0
45365,1.0
45378,1.0
45437,1.0
45440,1.0
45446,1.0
45554,1.0
45613,1.0
45680,1.0
45737,1.0
45743,1.0
45770,1.0
45775,1.0
45871,1.0
45974,1.0
45991,1.0
46096,1.0
46148,1.0
46285,1.0
46336,1.0
46368,1.0
46371,1.0
46439,1.0
46452,1.0
46464,1.0
46541,1.0
46553,1.0
46560,1.0
46577,1.0
46655,1.0
46673,1.0
46725,1.0
46737,1.0
46752,1.0
46759,1.0
46799,1.0
46813,1.0
46890,1.0
46985,1.0
47008,1.0
47042,1.0
47078,1.0
47089,1.0
47116,1.0
47123,1.0
47164,1.0
47167,1.0
47169,1.0
47179,1.0
47186,1.0
47263,1.0
47264,1.0
47335,1.0
47338,1.0
47383,1.0
47386,1.0
47512,1.0
47533,1.0
47546,1.0
47579,1.0
47636,1.0
47644,1.0
47723,1.0
47727,1.0
47776,1.0
47787,1.0
47954,1.0
47970,1.0
48010,1.0
48037,1.0
48116,1.0
48119,1.0
48139,1.0
48181,1.0
48235,1.0
48327,1.0
48344,1.0
48352,1.0
48396,1.0
48424,1.0
48445,1.0
48447,1.0
48523,1.0
48555,1.0
48559,1.0
48598,1.0
48689,1.0
48693,1.0
48716,1.0
48721,1.0
48726,1.0
48758,1.0
48780,1.0
48821,1.0
48866,1.0
48903,1.0
48943,1.0
48976,1.0
48997,1.0
49017,1.0
49020,1.0
49041,1.0
49101,1.0
49119,1.0
49160,1.0
49269,1.0
49308,1.0
49311,1.0
49314,1.0
49315,1.0
49408,1.0
49426,1.0
49427,1.0
49455,1.0
49459,1.0
49462,1.0
49469,1.0
49496,1.0
49512,1.0
49541,1.0
49572,1.0
49585,1.0
49589,1.0
49597,1.0
49607,1.0
49625,1.0
49656,1.0
49701,1.0
49719,1.0
49744,1.0
49783,1.0
49815,1.0
49818,1.0
49821,1.0
50065,1.0
50068,1.0
50114,1.0
50143,1.0
50168,1.0
50170,1.0
50193,1.0
50271,1.0
50324,1.0
50405,1.0
50467,1.0
50488,1.0
50579,1.0
50587,1.0
50601,1.0
50608,1.0
50621,1.0
50704,1.0
50714,1.0
50760,1.0
50776,1.0
50836,1.0
50891,1.0
50896,1.0
50927,1.0
50942,1.0
50962,1.0
51011,1.0
51023,1.0
51031,1.0
51056,1.0
51066,1.0
51115,1.0
51136,1.0
51143,1.0
51155,1.0
51164,1.0
51178,1.0
51263,1.0
51267,1.0
51297,1.0
51316,1.0
51337,1.0
51361,1.0
51465,1.0
51495,1.0
51518,1.0
51525,1.0
51530,1.0
51533,1.0
51537,1.0
51684,1.0
51697,1.0
51708,1.0
51822,1.0
51836,1.0
51920,1.0
51986,1.0
52004,1.0
52005,1.0
52050,1.0
52065,1.0
52082,1.0
52123,1.0
52125,1.0
52181,1.0
52197,1.0
52234,1.0
52258,1.0
52312,1.0
52425,1.0
52469,1.0
52548,1.0
52557,1.0
52581,1.0
52592,1.0
52616,1.0
52705,1.0
52716,1.0
52760,1.0
52818,1.0
52903,1.0
52922,1.0
52929,1.0
52942,1.0
53072,1.0
53103,1.0
53108,1.0
53155,1.0
53207,1.0
53238,1.0
53369,1.0
53381,1.0
53441,1.0
53549,1.0
53574,1.0
53588,1.0
53594,1.0
53612,1.0
53624,1.0
53629,1.0
53655,1.0
53708,1.0
53825,1.0
53896,1.0
53906,1.0
54017,1.0
54115,1.0
54236,1.0
54245,1.0
54252,1.0
54297,1.0
54328,1.0
54330,1.0
54349,1.0
54355,1.0
54389,1.0
54491,1.0
54520,1.0
54523,1.0
54550,1.0
54552,1.0
54568,1.0
54586,1.0
54599,1.0
54603,1.0
54609,1.0
54690,1.0
54742,1.0
54783,1.0
54860,1.0
55151,1.0
55176,1.0
55207,1.0
55262,1.0
55309,1.0
55317,1.0
55330,1.0
55392,1.0
55411,1.0
55471,1.0
55483,1.0
55530,1.0
55553,1.0
55592,1.0
55729,1.0
55757,1.0
55804,1.0
55825,1.0
55846,1.0
55925,1.0
56074,1.0
56087,1.0
56102,1.0
56196,1.0
56275,1.0
56293,1.0
56319,1.0
56351,1.0
56499,1.0
56501,1.0
56575,1.0
56580,1.0
56610,1.0
56618,1.0
56619,1.0
56634,1.0
56691,1.0
56771,1.0
56801,1.0
56825,1.0
56826,1.0
56915,1.0
56940,1.0
57013,1.0
57014,1.0
57028,1.0
57121,1.0
57202,1.0
57232,1.0
57280,1.0
57394,1.0
57446,1.0
57458,1.0
57466,1.0
57496,1.0
57505,1.0
57544,1.0
57550,1.0
57563,1.0
57587,1.0
57649,1.0
57687,1.0
57757,1.0
57875,1.0
57913,1.0
58078,1.0
58102,1.0
58160,1.0
58171,1.0
58270,1.0
58337,1.0
58352,1.0
58540,1.0
58567,1.0
58589,1.0
58619,1.0
58632,1.0
58708,1.0
58736,1.0
58838,1.0
58850,1.0
58851,1.0
58870,1.0
58882,1.0
58908,1.0
58917,1.0
59139,1.0
59238,1.0
59241,1.0
59333,1.0
59383,1.0
59417,1.0
59453,1.0
59580,1.0
59581,1.0
59589,1.0
59626,1.0
59632,1.0
59653,1.0
59747,1.0
59785,1.0
59847,1.0
59866,1.0
59930,1.0
59962,1.0
60043,1.0
60150,1.0
60177,1.0
60185,1.0
60188,1.0
60196,1.0
60204,1.0
60223,1.0
60250,1.0
60425,1.0
60518,1.0
60596,1.0
60669,1.0
60720,1.0
60740,1.0
60751,1.0
60874,1.0
60908,1.0
60987,1.0
61000,1.0
61015,1.0
61144,1.0
61189,1.0
61220,1.0
61233,1.0
61279,1.0
61360,1.0
61361,1.0
61391,1.0
61426,1.0
61460,1.0
61524,1.0
61561,1.0
61562,1.0
61636,1.0
61674,1.0
61701,1.0
61712,1.0
61731,1.0
61749,1.0
61805,1.0
61906,1.0
61921,1.0
62049,1.0
62087,1.0
62168,1.0
62219,1.0
62233,1.0
62235,1.0
62237,1.0
62239,1.0
62411,1.0
62489,1.0
62496,1.0
62525,1.0
62549,1.0
62569,1.0
62579,1.0
62583,1.0
62611,1.0
62708,1.0
63011,1.0
63107,1.0
63301,1.0
63309,1.0
63430,1.0
63459,1.0
63527,1.0
63532,1.0
63547,1.0
63561,1.0
63686,1.0
63724,1.0
63784,1.0
63819,1.0
63821,1.0
63864,1.0
63904,1.0
63916,1.0
63974,1.0
63985,1.0
64005,1.0
64174,1.0
64218,1.0
64219,1.0
64260,1.0
64281,1.0
64290,1.0
64348,1.0
64354,1.0
64373,1.0
64376,1.0
64486,1.0
64556,1.0
64587,1.0
64647,1.0
64655,1.0
64689,1.0
64740,1.0
64759,1.0
64838,1.0
64872,1.0
64888,1.0
64890,1.0
64993,1.0
64996,1.0
65013,1.0
65089,1.0
65161,1.0
65193,1.0
65234,1.0
65341,1.0
65386,1.0
65399,1.0
65410,1.0
65427,1.0
65439,1.0
65564,1.0
65566,1.0
65595,1.0
65609,1.0
65630,1.0
65678,1.0
65787,1.0
65855,1.0
65873,1.0
65901,1.0
65917,1.0
66030,1.0
66043,1.0
66063,1.0
66084,1.0
66118,1.0
66186,1.0
66238,1.0
66313,1.0
66340,1.0
66376,1.0
66394,1.0
66411,1.0
66413,1.0
66428,1.0
66534,1.0
66601,1.0
66634,1.0
66651,1.0
66681,1.0
66709,1.0
66902,1.0
66970,1.0
66975,1.0
67136,1.0
67173,1.0
67210,1.0
67284,1.0
67305,1.0
67353,1.0
67379,1.0
67460,1.0
67466,1.0
67483,1.0
67523,1.0
67629,1.0
67669,1.0
67697,1.0
67717,1.0
67743,1.0
67793,1.0
67805,1.0
67806,1.0
67810,1.0
67828,1.0
67832,1.0
67837,1.0
67840,1.0
67952,1.0
68145,1.0
68153,1.0
68157,1.0
68176,1.0
68240,1.0
68263,1.0
68306,1.0
68361,1.0
68366,1.0
68436,1.0
68471,1.0
68484,1.0
68486,1.0
68527,1.0
68570,1.0
68582,1.0
68583,1.0
68615,1.0
68623,1.0
68633,1.0
68689,1.0
68695,1.0
68725,1.0
68796,1.0
68828,1.0
68881,1.0
68896,1.0
68945,1.0
68970,1.0
69003,1.0
69067,1.0
69091,1.0
69130,1.0
69139,1.0
69168,1.0
69270,1.0
69347,1.0
69359,1.0
69438,1.0
69448,1.0
69473,1.0
69502,1.0
69563,1.0
69595,1.0
69597,1.0
69754,1.0
69796,1.0
69801,1.0
69940,1.0
69985,1.0
70018,1.0
70053,1.0
70059,1.0
70063,1.0
70085,1.0
70087,1.0
70146,1.0
70169,1.0
70211,1.0
70237,1.0
70299,1.0
70336,1.0
70460,1.0
70479,1.0
70510,1.0
70651,1.0
70654,1.0
70691,1.0
70701,1.0
70782,1.0
70819,1.0
70821,1.0
70833,1.0
70973,1.0
70997,1.0
71105,1.0
71124,1.0
71136,1.0
71198,1.0
71210,1.0
71222,1.0
71265,1.0
71273,1.0
71277,1.0
71280,1.0
71292,1.0
71314,1.0
71345,1.0
71373,1.0
71421,1.0
71459,1.0
71463,1.0
71474,1.0
71497,1.0
71525,1.0
71531,1.0
71569,1.0
71668,1.0
71677,1.0
71712,1.0
71742,1.0
71826,1.0
71874,1.0
71876,1.0
71886,1.0
71918,1.0
71995,1.0
72011,1.0
72013,1.0
72052,1.0
72065,1.0
72091,1.0
72100,1.0
72112,1.0
72126,1.0
72140,1.0
72167,1.0
72379,1.0
72520,1.0
72552,1.0
72558,1.0
72570,1.0
72608,1.0
72633,1.0
72637,1.0
72644,1.0
72656,1.0
72706,1.0
72957,1.0
72961,1.0
73020,1.0
73252,1.0
73363,1.0
73369,1.0
73449,1.0
73518,1.0
73569,1.0
73668,1.0
73684,1.0
73688,1.0
73730,1.0
73800,1.0
73801,1.0
73944,1.0
73961,1.0
73987,1.0
74234,1.0
74329,1.0
74355,1.0
74362,1.0
74389,1.0
74456,1.0
74457,1.0
74551,1.0
74565,1.0
74685,1.0
74717,1.0
74774,1.0
74901,1.0
74970,1.0
74997,1.0
75029,1.0
75044,1.0
75088,1.0
75096,1.0
75127,1.0
75138,1.0
75334,1.0
75400,1.0
75407,1.0
75451,1.0
75514,1.0
75533,1.0
75556,1.0
75586,1.0
75613,1.0
75657,1.0
75737,1.0
75845,1.0
75871,1.0
75941,1.0
75989,1.0
75996,1.0
76027,1.0
76037,1.0
76041,1.0
76071,1.0
76074,1.0
76095,1.0
76099,1.0
76174,1.0
76251,1.0
76310,1.0
76345,1.0
76351,1.0
76367,1.0
76371,1.0
76457,1.0
76525,1.0
76533,1.0
76553,1.0
76556,1.0
76753,1.0
76758,1.0
76767,1.0
76813,1.0
76838,1.0
76863,1.0
76888,1.0
76896,1.0
77047,1.0
77076,1.0
77081,1.0
77160,1.0
77225,1.0
77249,1.0
77314,1.0
77374,1.0
77386,1.0
77390,1.0
77395,1.0
77409,1.0
77460,1.0
77470,1.0
77508,1.0
77605,1.0
77645,1.0
77702,1.0
77705,1.0
77765,1.0
77930,1.0
77939,1.0
77973,1.0
78042,1.0
78067,1.0
78068,1.0
78089,1.0
78134,1.0
78165,1.0
78243,1.0
78247,1.0
78267,1.0
78356,1.0
78358,1.0
78366,1.0
78373,1.0
78384,1.0
78387,1.0
78408,1.0
78440,1.0
78441,1.0
78597,1.0
78696,1.0
78860,1.0
78887,1.0
78934,1.0
78946,1.0
78947,1.0
78958,1.0
78961,1.0
78977,1.0
78987,1.0
79032,1.0
79040,1.0
79071,1.0
79099,1.0
79131,1.0
79174,1.0
79220,1.0
79229,1.0
79273,1.0
79303,1.0
79522,1.0
79578,1.0
79712,1.0
79800,1.0
79841,1.0
79888,1.0
79889,1.0
79970,1.0
80022,1.0
80031,1.0
80057,1.0
80076,1.0
80114,1.0
80143,1.0
80198,1.0
80363,1.0
80364,1.0
80428,1.0
80569,1.0
80597,1.0
80659,1.0
80828,1.0
80931,1.0
80966,1.0
80969,1.0
80985,1.0
81058,1.0
81101,1.0
81147,1.0
81264,1.0
81271,1.0
81282,1.0
81307,1.0
81340,1.0
81358,1.0
81456,1.0
81461,1.0
81558,1.0
81725,1.0
81821,1.0
82000,1.0
82027,1.0
82054,1.0
82056,1.0
82144,1.0
82262,1.0
82323,1.0
82334,1.0
82399,1.0
82402,1.0
82406,1.0
82437,1.0
82466,1.0
82469,1.0
82539,1.0
82614,1.0
82624,1.0
82685,1.0
82843,1.0
82871,1.0
82980,1.0
83040,1.0
83070,1.0
83100,1.0
83193,1.0
83259,1.0
83271,1.0
83284,1.0
83349,1.0
83383,1.0
83406,1.0
83426,1.0
83562,1.0
83563,1.0
83701,1.0
83707,1.0
83712,1.0
83740,1.0
83755,1.0
83801,1.0
83835,1.0
83861,1.0
83862,1.0
83878,1.0
83931,1.0
83953,1.0
84063,1.0
84353,1.0
84376,1.0
84411,1.0
84457,1.0
84514,1.0
84550,1.0
84561,1.0
84612,1.0
84649,1.0
84687,1.0
84756,1.0
84805,1.0
84844,1.0
84873,1.0
84953,1.0
84970,1.0
85150,1.0
85203,1.0
85215,1.0
85295,1.0
85315,1.0
85377,1.0
85403,1.0
85404,1.0
85410,1.0
85476,1.0
85688,1.0
85778,1.0
85818,1.0
85842,1.0
85897,1.0
86024,1.0
86082,1.0
86101,1.0
86138,1.0
86139,1.0
86152,1.0
86269,1.0
86321,1.0
86331,1.0
86349,1.0
86398,1.0
86407,1.0
86418,1.0
86432,1.0
86456,1.0
86532,1.0
86590,1.0
86591,1.0
86637,1.0
86656,1.0
86666,1.0
86708,1.0
86895,1.0
86960,1.0
87007,1.0
87150,1.0
87163,1.0
87179,1.0
87217,1.0
87254,1.0
87258,1.0
87290,1.0
87326,1.0
87340,1.0
87342,1.0
87357,1.0
87361,1.0
87404,1.0
87424,1.0
87427,1.0
87495,1.0
87566,1.0
87616,1.0
87630,1.0
87631,1.0
87638,1.0
87660,1.0
87671,1.0
87805,1.0
87812,1.0
87895,1.0
87958,1.0
87978,1.0
87983,1.0
87990,1.0
87997,1.0
88007,1.0
88044,1.0
88050,1.0
88061,1.0
88126,1.0
88135,1.0
88153,1.0
88277,1.0
88343,1.0
88400,1.0
88476,1.0
88496,1.0
88539,1.0
88551,1.0
88558,1.0
88632,1.0
88682,1.0
88743,1.0
88767,1.0
88786,1.0
88829,1.0
88983,1.0
89010,1.0
89025,1.0
89037,1.0
89050,1.0
89244,1.0
89303,1.0
89388,1.0
89393,1.0
89437,1.0
89468,1.0
89472,1.0
89509,1.0
89564,1.0
89572,1.0
89574,1.0
89677,1.0
89680,1.0
89687,1.0
89757,1.0
89914,1.0
89923,1.0
89945,1.0
89961,1.0
89963,1.0
90047,1.0
90064,1.0
90067,1.0
90101,1.0
90192,1.0
90204,1.0
90374,1.0
90403,1.0
90415,1.0
90432,1.0
90446,1.0
90471,1.0
90567,1.0
90623,1.0
90669,1.0
90685,1.0
90719,1.0
90815,1.0
90817,1.0
90878,1.0
90894,1.0
90895,1.0
90917,1.0
90931,1.0
91045,1.0
91064,1.0
91378,1.0
91396,1.0
91486,1.0
91753,1.0
91859,1.0
91867,1.0
91886,1.0
91897,1.0
91901,1.0
92117,1.0
92198,1.0
92314,1.0
92499,1.0
92508,1.0
92651,1.0
92720,1.0
92731,1.0
92740,1.0
92756,1.0
92810,1.0
92815,1.0
92890,1.0
92922,1.0
92930,1.0
92938,1.0
92950,1.0
92972,1.0
93096,1.0
93191,1.0
93239,1.0
93245,1.0
93272,1.0
93275,1.0
93338,1.0
93340,1.0
93406,1.0
93431,1.0
93469,1.0
93538,1.0
93635,1.0
93638,1.0
93789,1.0
93796,1.0
93816,1.0
93824,1.0
93943,1.0
93985,1.0
94069,1.0
94109,1.0
94117,1.0
94118,1.0
94119,1.0
94178,1.0
94193,1.0
94211,1.0
94219,1.0
94228,1.0
94368,1.0
94406,1.0
94414,1.0
94420,1.0
94483,1.0
94493,1.0
94497,1.0
94523,1.0
94703,1.0
94752,1.0
94795,1.0
94851,1.0
94870,1.0
94880,1.0
94884,1.0
94919,1.0
94943,1.0
94984,1.0
95004,1.0
95052,1.0
95120,1.0
95140,1.0
95184,1.0
95206,1.0
95274,1.0
95291,1.0
95466,1.0
95473,1.0
95481,1.0
95491,1.0
95509,1.0
95586,1.0
95612,1.0
95613,1.0
95725,1.0
95736,1.0
95760,1.0
95793,1.0
95799,1.0
95812,1.0
95894,1.0
95946,1.0
96005,1.0
96102,1.0
96192,1.0
96205,1.0
96218,1.0
96224,1.0
96242,1.0
96283,1.0
96334,1.0
96433,1.0
96449,1.0
96475,1.0
96504,1.0
96533,1.0
96621,1.0
96726,1.0
96730,1.0
96755,1.0
96794,1.0
96807,1.0
96859,1.0
96862,1.0
96874,1.0
96918,1.0
96951,1.0
96979,1.0
96992,1.0
97014,1.0
97032,1.0
97129,1.0
97230,1.0
97304,1.0
97342,1.0
97345,1.0
97364,1.0
97375,1.0
97405,1.0
97495,1.0
97605,1.0
97669,1.0
97698,1.0
97704,1.0
97812,1.0
97846,1.0
97852,1.0
97897,1.0
97900,1.0
97948,1.0
97953,1.0
98050,1.0
98094,1.0
98107,1.0
98174,1.0
98192,1.0
98196,1.0
98281,1.0
98322,1.0
98334,1.0
98403,1.0
98437,1.0
98457,1.0
98476,1.0
98571,1.0
98649,1.0
98761,1.0
98812,1.0
98819,1.0
98842,1.0
98913,1.0
98930,1.0
98976,1.0
99064,1.0
99091,1.0
99149,1.0
99178,1.0
99192,1.0
99201,1.0
99245,1.0
99249,1.0
99260,1.0
99269,1.0
99303,1.0
99312,1.0
99494,1.0
99518,1.0
99576,1.0
99597,1.0
99617,1.0
99716,1.0
99768,1.0
99855,1.0
99877,1.0
99988,1.0
100015,1.0
100142,1.0
100186,1.0
100238,1.0
100306,1.0
100468,1.0
100537,1.0
100608,1.0
100694,1.0
100704,1.0
100719,1.0
100727,1.0
100813,1.0
100835,1.0
100901,1.0
101019,1.0
101046,1.0
101086,1.0
101098,1.0
101159,1.0
101194,1.0
101302,1.0
101328,1.0
101345,1.0
101393,1.0
101416,1.0
101453,1.0
101505,1.0
101509,1.0
101659,1.0
101726,1.0
101764,1.0
101832,1.0
101915,1.0
101949,1.0
101970,1.0
101996,1.0
102049,1.0
102208,1.0
102346,1.0
102367,1.0
102439,1.0
102483,1.0
102526,1.0
102704,1.0
102706,1.0
102727,1.0
102778,1.0
102785,1.0
102812,1.0
102863,1.0
102873,1.0
102930,1.0
102961,1.0
103135,1.0
103199,1.0
103203,1.0
103301,1.0
103314,1.0
103337,1.0
103415,1.0
103451,1.0
103511,1.0
103583,1.0
103624,1.0
103704,1.0
103743,1.0
103865,1.0
103869,1.0
103889,1.0
103898,1.0
103912,1.0
103987,1.0
103994,1.0
104056,1.0
104075,1.0
104194,1.0
104298,1.0
104313,1.0
104323,1.0
104457,1.0
104471,1.0
104482,1.0
104617,1.0
104622,1.0
104708,1.0
104723,1.0
104726,1.0
104830,1.0
104852,1.0
104871,1.0
104873,1.0
104888,1.0
104896,1.0
104902,1.0
105017,1.0
105102,1.0
105157,1.0
105177,1.0
105294,1.0
105347,1.0
105451,1.0
105467,1.0
105528,1.0
105583,1.0
105620,1.0
105667,1.0
105668,1.0
105693,1.0
105704,1.0
105712,1.0
105727,1.0
105790,1.0
105844,1.0
105924,1.0
105974,1.0
106060,1.0
106073,1.0
106115,1.0
106120,1.0
106154,1.0
106220,1.0
106228,1.0
106240,1.0
106284,1.0
106288,1.0
106312,1.0
106348,1.0
106456,1.0
106471,1.0
106536,1.0
106538,1.0
106551,1.0
106594,1.0
106595,1.0
106691,1.0
106793,1.0
106804,1.0
106814,1.0
106830,1.0
106841,1.0
106882,1.0
106952,1.0
107073,1.0
107111,1.0
107222,1.0
107242,1.0
107268,1.0
107313,1.0
107326,1.0
107359,1.0
107563,1.0
107680,1.0
107693,1.0
107742,1.0
107749,1.0
107855,1.0
107870,1.0
108051,1.0
108102,1.0
108142,1.0
108163,1.0
108211,1.0
108231,1.0
108265,1.0
108302,1.0
108329,1.0
108390,1.0
108410,1.0
108526,1.0
108533,1.0
108561,1.0
108722,1.0
108744,1.0
108759,1.0
108770,1.0
108970,1.0
109199,1.0
109256,1.0
109330,1.0
109359,1.0
109380,1.0
109477,1.0
109495,1.0
109506,1.0
109561,1.0
109629,1.0
109693,1.0
109706,1.0
109798,1.0
109895,1.0
109931,1.0
109976,1.0
109988,1.0
109998,1.0
110030,1.0
110057,1.0
110092,1.0
110137,1.0
110197,1.0
110207,1.0
110246,1.0
110279,1.0
110282,1.0
110306,1.0
110355,1.0
110356,1.0
110401,1.0
110406,1.0
110461,1.0
110587,1.0
110589,1.0
110774,1.0
110775,1.0
110972,1.0
111143,1.0
111164,1.0
111272,1.0
111332,1.0
111343,1.0
111393,1.0
111394,1.0
111398,1.0
111404,1.0
111425,1.0
111429,1.0
111437,1.0
111472,1.0
111531,1.0
111556,1.0
111575,1.0
111802,1.0
112009,1.0
112158,1.0
112165,1.0
112179,1.0
112261,1.0
112291,1.0
112344,1.0
112362,1.0
112388,1.0
112419,1.0
112432,1.0
112478,1.0
112479,1.0
112565,1.0
112586,1.0
112759,1.0
112858,1.0
112861,1.0
112995,1.0
113000,1.0
113001,1.0
113103,1.0
113259,1.0
113354,1.0
113355,1.0
113368,1.0
113384,1.0
113413,1.0
113552,1.0
113594,1.0
113702,1.0
113797,1.0
113819,1.0
113833,1.0
113840,1.0
114155,1.0
114162,1.0
114213,1.0
114216,1.0
114286,1.0
114426,1.0
114465,1.0
114543,1.0
114544,1.0
114585,1.0
114616,1.0
114619,1.0
114702,1.0
114713,1.0
114726,1.0
114750,1.0
114778,1.0
114851,1.0
115090,1.0
115159,1.0
115278,1.0
115304,1.0
115312,1.0
115335,1.0
115535,1.0
115677,1.0
115705,1.0
115745,1.0
115764,1.0
115828,1.0
115882,1.0
115902,1.0
115918,1.0
115931,1.0
116003,1.0
116037,1.0
116046,1.0
116084,1.0
116103,1.0
116138,1.0
116158,1.0
116235,1.0
116254,1.0
116284,1.0
116396,1.0
116431,1.0
116514,1.0
116724,1.0
116793,1.0
116818,1.0
116824,1.0
116842,1.0
116845,1.0
116850,1.0
116881,1.0
116971,1.0
117121,1.0
117128,1.0
117182,1.0
117245,1.0
117326,1.0
117409,1.0
117462,1.0
117470,1.0
117533,1.0
117566,1.0
117662,1.0
117689,1.0
117742,1.0
117763,1.0
117795,1.0
117815,1.0
117977,1.0
118245,1.0
118259,1.0
118297,1.0
118315,1.0
118387,1.0
118399,1.0
118429,1.0
118436,1.0
118471,1.0
118481,1.0
118553,1.0
118554,1.0
118585,1.0
118613,1.0
118688,1.0
118728,1.0
118797,1.0
118841,1.0
118871,1.0
118934,1.0
119046,1.0
119094,1.0
119171,1.0
119258,1.0
119268,1.0
119273,1.0
119274,1.0
119298,1.0
119384,1.0
119404,1.0
119482,1.0
119592,1.0
119602,1.0
119620,1.0
119674,1.0
119683,1.0
119775,1.0
119780,1.0
119875,1.0
119958,1.0
119980,1.0
119991,1.0
120018,1.0
120037,1.0
120042,1.0
120080,1.0
120152,1.0
120154,1.0
120197,1.0
120279,1.0
120332,1.0
120375,1.0
120515,1.0
120539,1.0
120573,1.0
120574,1.0
120619,1.0
120655,1.0
120658,1.0
120713,1.0
120715,1.0
120796,1.0
120844,1.0
120876,1.0
120881,1.0
120993,1.0
121087,1.0
121201,1.0
121227,1.0
121237,1.0
121257,1.0
121259,1.0
121418,1.0
121429,1.0
121537,1.0
121565,1.0
121625,1.0
121653,1.0
121660,1.0
121666,1.0
121678,1.0
121680,1.0
121708,1.0
121770,1.0
121789,1.0
121810,1.0
121854,1.0
121901,1.0
121942,1.0
121943,1.0
121960,1.0
121972,1.0
121980,1.0
121990,1.0
121994,1.0
122038,1.0
122049,1.0
122135,1.0
122173,1.0
122230,1.0
122237,1.0
122294,1.0
122301,1.0
122303,1.0
122386,1.0
122400,1.0
122457,1.0
122585,1.0
122605,1.0
122607,1.0
122676,1.0
122699,1.0
122715,1.0
122718,1.0
122778,1.0
122806,1.0
122809,1.0
122862,1.0
122911,1.0
122917,1.0
122918,1.0
122925,1.0
122938,1.0
123004,1.0
123038,1.0
123039,1.0
123045,1.0
123111,1.0
123131,1.0
123220,1.0
123224,1.0
123226,1.0
123254,1.0
123273,1.0
123274,1.0
123328,1.0
123454,1.0
123459,1.0
123467,1.0
123468,1.0
123493,1.0
123544,1.0
123551,1.0
123591,1.0
123607,1.0
123632,1.0
123688,1.0
123968,1.0
124028,1.0
124198,1.0
124219,1.0
124271,1.0
124353,1.0
124356,1.0
124401,1.0
124489,1.0
124491,1.0
124500,1.0
124582,1.0
124588,1.0
124605,1.0
124623,1.0
124662,1.0
124668,1.0
124675,1.0
124694,1.0
124743,1.0
124883,1.0
124908,1.0
124912,1.0
124919,1.0
124955,1.0
124997,1.0
125036,1.0
125083,1.0
125186,1.0
125187,1.0
125287,1.0
125306,1.0
125308,1.0
125350,1.0
125513,1.0
125599,1.0
125697,1.0
125737,1.0
125798,1.0
125812,1.0
125956,1.0
125963,1.0
126041,1.0
126113,1.0
126260,1.0
126267,1.0
126398,1.0
126478,1.0
126604,1.0
126775,1.0
126795,1.0
126888,1.0
126890,1.0
127023,1.0
127190,1.0
127365,1.0
127373,1.0
127414,1.0
127439,1.0
127442,1.0
127476,1.0
127535,1.0
127551,1.0
127586,1.0
127616,1.0
127620,1.0
127641,1.0
127650,1.0
127805,1.0
127875,1.0
127878,1.0
127908,1.0
127941,1.0
128150,1.0
128154,1.0
128216,1.0
128232,1.0
128255,1.0
128269,1.0
128430,1.0
128483,1.0
128505,1.0
128600,1.0
128623,1.0
128708,1.0
128712,1.0
128816,1.0
128859,1.0
128931,1.0
128961,1.0
129131,1.0
129170,1.0
129234,1.0
129290,1.0
129354,1.0
129488,1.0
129725,1.0
129770,1.0
129898,1.0
129923,1.0
129930,1.0
130081,1.0
130110,1.0
130168,1.0
130183,1.0
130204,1.0
130292,1.0
130308,1.0
130340,1.0
130402,1.0
130413,1.0
130518,1.0
130563,1.0
130569,1.0
130622,1.0
130629,1.0
130636,1.0
130656,1.0
130736,1.0
130792,1.0
130806,1.0
130962,1.0
131155,1.0
131156,1.0
131166,1.0
131193,1.0
131206,1.0
131312,1.0
131331,1.0
131396,1.0
131617,1.0
131671,1.0
131681,1.0
131722,1.0
131725,1.0
131780,1.0
131834,1.0
131843,1.0
131911,1.0
131963,1.0
132107,1.0
132279,1.0
132321,1.0
132360,1.0
132525,1.0
132536,1.0
132560,1.0
132572,1.0
132578,1.0
132581,1.0
132638,1.0
132642,1.0
132664,1.0
132682,1.0
132711,1.0
132730,1.0
132762,1.0
132781,1.0
132833,1.0
132912,1.0
132934,1.0
132987,1.0
133025,1.0
133038,1.0
133093,1.0
133094,1.0
133096,1.0
133097,1.0
133125,1.0
133145,1.0
133149,1.0
133283,1.0
133432,1.0
133479,1.0
133495,1.0
133532,1.0
133582,1.0
133673,1.0
133704,1.0
133765,1.0
133768,1.0
133817,1.0
133824,1.0
133841,1.0
133874,1.0
133912,1.0
134050,1.0
134149,1.0
134205,1.0
134306,1.0
134341,1.0
134357,1.0
134371,1.0
134379,1.0
134399,1.0
134400,1.0
134439,1.0
134535,1.0
134583,1.0
134667,1.0
134671,1.0
134686,1.0
134706,1.0
134712,1.0
134716,1.0
134723,1.0
134750,1.0
134807,1.0
134871,1.0
134899,1.0
134932,1.0
134953,1.0
135025,1.0
135059,1.0
135141,1.0
135164,1.0
135180,1.0
135193,1.0
135194,1.0
135299,1.0
135338,1.0
135393,1.0
135487,1.0
135512,1.0
135552,1.0
135560,1.0
135740,1.0
135741,1.0
135747,1.0
135780,1.0
135836,1.0
135967,1.0
136016,1.0
136044,1.0
136060,1.0
136077,1.0
136091,1.0
136201,1.0
136296,1.0
136366,1.0
136399,1.0
136414,1.0
136532,1.0
136675,1.0
136678,1.0
136796,1.0
136873,1.0
136887,1.0
136910,1.0
137222,1.0
137282,1.0
137319,1.0
137358,1.0
137388,1.0
137392,1.0
137394,1.0
137571,1.0
137642,1.0
137732,1.0
137741,1.0
137772,1.0
137801,1.0
137822,1.0
137836,1.0
137859,1.0
137908,1.0
137930,1.0
137976,1.0
138020,1.0
138137,1.0
138206,1.0
138209,1.0
138245,1.0
138305,1.0
138363,1.0
138394,1.0
138501,1.0
138595,1.0
138631,1.0
138632,1.0
138637,1.0
138639,1.0
138674,1.0
138690,1.0
138694,1.0
138704,1.0
138752,1.0
138785,1.0
138790,1.0
138798,1.0
138823,1.0
138909,1.0
138917,1.0
138965,1.0
139054,1.0
139091,1.0
139110,1.0
139114,1.0
139184,1.0
139186,1.0
139193,1.0
139213,1.0
139323,1.0
139328,1.0
139409,1.0
139559,1.0
139637,1.0
139709,1.0
139717,1.0
139741,1.0
139766,1.0
139832,1.0
139911,1.0
139914,1.0
139920,1.0
139979,1.0
140028,1.0
140063,1.0
140112,1.0
140124,1.0
140165,1.0
140250,1.0
140303,1.0
140305,1.0
140430,1.0
140459,1.0
140488,1.0
140635,1.0
140680,1.0
140696,1.0
140789,1.0
140810,1.0
140827,1.0
140829,1.0
140850,1.0
140884,1.0
140905,1.0
140930,1.0
140940,1.0
140992,1.0
141126,1.0
141159,1.0
141239,1.0
141285,1.0
141456,1.0
141490,1.0
141511,1.0
141515,1.0
141549,1.0
141558,1.0
141591,1.0
141658,1.0
141778,1.0
141820,1.0
141844,1.0
141868,1.0
141913,1.0
141920,1.0
141962,1.0
141984,1.0
142046,1.0
142060,1.0
142110,1.0
142159,1.0
142186,1.0
142196,1.0
142204,1.0
142230,1.0
142238,1.0
142325,1.0
142367,1.0
142463,1.0
142529,1.0
142670,1.0
142679,1.0
142807,1.0
142875,1.0
142909,1.0
143026,1.0
143095,1.0
143201,1.0
143229,1.0
143280,1.0
143338,1.0
143340,1.0
143395,1.0
143398,1.0
143421,1.0
143526,1.0
143566,1.0
143617,1.0
143632,1.0
143675,1.0
143685,1.0
143694,1.0
143715,1.0
143739,1.0
143827,1.0
143861,1.0
143878,1.0
143891,1.0
143897,1.0
143931,1.0
144080,1.0
144144,1.0
144145,1.0
144177,1.0
144186,1.0
144204,1.0
144219,1.0
144250,1.0
144273,1.0
144286,1.0
144287,1.0
144356,1.0
144432,1.0
144455,1.0
144467,1.0
144489,1.0
144496,1.0
144511,1.0
144518,1.0
144584,1.0
144594,1.0
144634,1.0
144662,1.0
144663,1.0
144676,1.0
144680,1.0
144723,1.0
144759,1.0
144762,1.0
144800,1.0
144810,1.0
144811,1.0
144852,1.0
144865,1.0
144942,1.0
144982,1.0
145014,1.0
145016,1.0
145057,1.0
145058,1.0
145087,1.0
145114,1.0
145130,1.0
145138,1.0
145156,1.0
145197,1.0
145250,1.0
145262,1.0
145275,1.0
145299,1.0
145366,1.0
145381,1.0
145386,1.0
145408,1.0
145458,1.0
145542,1.0
145639,1.0
145680,1.0
145704,1.0
145715,1.0
145926,1.0
145987,1.0
146006,1.0
146099,1.0
146119,1.0
146134,1.0
146156,1.0
146209,1.0
146247,1.0
146281,1.0
146288,1.0
146302,1.0
146354,1.0
146393,1.0
146397,1.0
146441,1.0
146461,1.0
146471,1.0
146485,1.0
146499,1.0
146531,1.0
146558,1.0
146577,1.0
146612,1.0
146618,1.0
146622,1.0
146659,1.0
146665,1.0
146681,1.0
146695,1.0
146762,1.0
146801,1.0
146833,1.0
146898,1.0
146931,1.0
146942,1.0
146967,1.0
147020,1.0
147047,1.0
147066,1.0
147161,1.0
147216,1.0
147266,1.0
147335,1.0
147422,1.0
147441,1.0
147448,1.0
147494,1.0
147496,1.0
147534,1.0
147535,1.0
147545,1.0
147581,1.0
147691,1.0
147701,1.0
147895,1.0
147914,1.0
147915,1.0
147976,1.0
147992,1.0
148055,1.0
148122,1.0
148169,1.0
148171,1.0
148195,1.0
148203,1.0
148263,1.0
148284,1.0
148297,1.0
148352,1.0
148387,1.0
148444,1.0
148465,1.0
148521,1.0
148523,1.0
148542,1.0
148581,1.0
148617,1.0
148625,1.0
148633,1.0
148701,1.0
148729,1.0
148781,1.0
148790,1.0
148809,1.0
148849,1.0
148886,1.0
148942,1.0
149008,1.0
149011,1.0
149024,1.0
149037,1.0
149060,1.0
149080,1.0
149081,1.0
149151,1.0
149153,1.0
149161,1.0
149206,1.0
149236,1.0
149269,1.0
149295,1.0
149305,1.0
149340,1.0
149342,1.0
149347,1.0
149355,1.0
149388,1.0
149402,1.0
149551,1.0
149776,1.0
149789,1.0
149810,1.0
149835,1.0
149851,1.0
149871,1.0
149891,1.0
149893,1.0
149908,1.0
149919,1.0
149950,1.0
150099,1.0
150137,1.0
150180,1.0
150278,1.0
150319,1.0
150344,1.0
150348,1.0
150370,1.0
150405,1.0
150455,1.0
150463,1.0
150534,1.0
150605,1.0
150624,1.0
150704,1.0
150914,1.0
150918,1.0
150991,1.0
151052,1.0
151060,1.0
151205,1.0
151212,1.0
151218,1.0
151235,1.0
151244,1.0
151319,1.0
151441,1.0
151442,1.0
151470,1.0
151483,1.0
151490,1.0
151521,1.0
151548,1.0
151556,1.0
151563,1.0
151636,1.0
151686,1.0
151735,1.0
151772,1.0
151810,1.0
151850,1.0
151895,1.0
151897,1.0
151957,1.0
151964,1.0
151999,1.0
152014,1.0
152038,1.0
152092,1.0
152135,1.0
152252,1.0
152343,1.0
152349,1.0
152385,1.0
152386,1.0
152422,1.0
152452,1.0
152457,1.0
152509,1.0
152594,1.0
152609,1.0
152671,1.0
152677,1.0
152704,1.0
152737,1.0
152795,1.0
152897,1.0
152909,1.0
152956,1.0
153018,1.0
153048,1.0
153053,1.0
153092,1.0
153095,1.0
153191,1.0
153214,1.0
153231,1.0
153277,1.0
153415,1.0
153423,1.0
153449,1.0
153482,1.0
153492,1.0
153502,1.0
153507,1.0
153575,1.0
153583,1.0
153692,1.0
153695,1.0
153729,1.0
153771,1.0
153780,1.0
153781,1.0
153796,1.0
153814,1.0
153869,1.0
153884,1.0
153932,1.0
153939,1.0
153981,1.0
153995,1.0
154038,1.0
154056,1.0
154060,1.0
154066,1.0
154150,1.0
154282,1.0
154328,1.0
154365,1.0
154391,1.0
154430,1.0
154473,1.0
154499,1.0
154548,1.0
154630,1.0
154672,1.0
154705,1.0
154712,1.0
154721,1.0
154734,1.0
154812,1.0
154835,1.0
154941,1.0
154998,1.0
155007,1.0
155074,1.0
155123,1.0
155171,1.0
155212,1.0
155256,1.0
155263,1.0
155266,1.0
155292,1.0
155375,1.0
155378,1.0
155466,1.0
155475,1.0
155544,1.0
155559,1.0
155620,1.0
155640,1.0
155670,1.0
155693,1.0
155760,1.0
155761,1.0
155770,1.0
155775,1.0
155811,1.0
155828,1.0
155830,1.0
155842,1.0
155847,1.0
155915,1.0
155951,1.0
156062,1.0
156071,1.0
156131,1.0
156229,1.0
156327,1.0
156376,1.0
156422,1.0
156555,1.0
156599,1.0
156641,1.0
156667,1.0
156668,1.0
156701,1.0
156728,1.0
156851,1.0
156909,1.0
156954,1.0
156990,1.0
157000,1.0
157041,1.0
157060,1.0
157090,1.0
157096,1.0
157120,1.0
157145,1.0
157194,1.0
157200,1.0
157203,1.0
157236,1.0
157301,1.0
157302,1.0
157328,1.0
157398,1.0
157413,1.0
157477,1.0
157528,1.0
157540,1.0
157556,1.0
157570,1.0
157572,1.0
157576,1.0
157600,1.0
157602,1.0
157658,1.0
157742,1.0
157778,1.0
157812,1.0
157830,1.0
157857,1.0
157971,1.0
158049,1.0
158069,1.0
158080,1.0
158129,1.0
158136,1.0
158206,1.0
158227,1.0
158243,1.0
158263,1.0
158271,1.0
158323,1.0
158366,1.0
158406,1.0
158473,1.0
158493,1.0
158538,1.0
158540,1.0
158546,1.0
158574,1.0
158588,1.0
158648,1.0
158653,1.0
158664,1.0
158665,1.0
158675,1.0
158711,1.0
158730,1.0
158738,1.0
158744,1.0
158765,1.0
158797,1.0
158827,1.0
158900,1.0
159110,1.0
159269,1.0
159272,1.0
159385,1.0
159431,1.0
159456,1.0
159468,1.0
159472,1.0
159528,1.0
159587,1.0
159649,1.0
159653,1.0
159665,1.0
159730,1.0
159749,1.0
159789,1.0
160110,1.0
160130,1.0

